id,person_id,game_id,team_id,minute,offset,score1,score2,penalty,owngoal,created_at,updated_at
1,1,1,131,19,0,1,0,f,f,2018-07-17 10:56:56.475849,2018-07-17 10:56:56.475849
2,2,1,131,40,0,2,0,f,f,2018-07-17 10:56:56.478858,2018-07-17 10:56:56.478858
3,3,1,131,43,0,3,0,f,f,2018-07-17 10:56:56.481403,2018-07-17 10:56:56.481403
4,4,1,190,70,0,3,1,f,f,2018-07-17 10:56:56.484055,2018-07-17 10:56:56.484055
5,3,1,131,87,0,4,1,f,f,2018-07-17 10:56:56.485885,2018-07-17 10:56:56.485885
6,5,2,210,81,0,1,0,f,f,2018-07-17 10:56:56.497825,2018-07-17 10:56:56.497825
7,6,3,212,3,0,1,0,f,f,2018-07-17 10:56:56.507584,2018-07-17 10:56:56.507584
8,7,3,212,51,0,2,0,f,t,2018-07-17 10:56:56.510013,2018-07-17 10:56:56.510013
9,6,3,212,65,0,3,0,f,f,2018-07-17 10:56:56.511222,2018-07-17 10:56:56.511222
10,8,4,212,65,0,1,0,f,f,2018-07-17 10:56:56.522130,2018-07-17 10:56:56.522130
11,9,5,210,8,0,1,0,f,f,2018-07-17 10:56:56.536825,2018-07-17 10:56:56.536825
12,10,5,210,12,0,2,0,f,f,2018-07-17 10:56:56.539487,2018-07-17 10:56:56.539487
13,9,5,210,17,0,3,0,f,f,2018-07-17 10:56:56.540714,2018-07-17 10:56:56.540714
14,7,5,190,42,0,3,1,t,f,2018-07-17 10:56:56.541887,2018-07-17 10:56:56.541887
15,11,5,210,53,0,4,1,f,f,2018-07-17 10:56:56.544574,2018-07-17 10:56:56.544574
16,10,5,210,55,0,5,1,f,f,2018-07-17 10:56:56.545810,2018-07-17 10:56:56.545810
17,7,5,190,65,0,5,2,f,f,2018-07-17 10:56:56.547073,2018-07-17 10:56:56.547073
18,12,5,190,75,0,5,3,f,f,2018-07-17 10:56:56.549900,2018-07-17 10:56:56.549900
19,9,5,210,80,0,6,3,f,f,2018-07-17 10:56:56.551865,2018-07-17 10:56:56.551865
20,9,6,210,12,0,1,0,f,f,2018-07-17 10:56:56.563782,2018-07-17 10:56:56.563782
21,9,6,210,13,0,2,0,f,f,2018-07-17 10:56:56.565039,2018-07-17 10:56:56.565039
22,8,6,212,15,0,2,1,f,f,2018-07-17 10:56:56.566127,2018-07-17 10:56:56.566127
23,13,6,210,81,0,3,1,f,f,2018-07-17 10:56:56.568576,2018-07-17 10:56:56.568576
24,14,7,227,21,0,1,0,f,f,2018-07-17 10:56:56.583699,2018-07-17 10:56:56.583699
25,15,7,227,30,0,2,0,f,f,2018-07-17 10:56:56.588202,2018-07-17 10:56:56.588202
26,16,7,211,62,0,2,1,f,f,2018-07-17 10:56:56.592274,2018-07-17 10:56:56.592274
27,15,8,227,60,0,1,0,f,f,2018-07-17 10:56:56.601971,2018-07-17 10:56:56.601971
28,17,8,227,65,0,2,0,f,f,2018-07-17 10:56:56.604670,2018-07-17 10:56:56.604670
29,15,8,227,67,0,3,0,f,f,2018-07-17 10:56:56.605807,2018-07-17 10:56:56.605807
30,18,8,227,85,0,4,0,f,f,2018-07-17 10:56:56.608234,2018-07-17 10:56:56.608234
31,19,9,211,37,0,1,0,f,f,2018-07-17 10:56:56.620461,2018-07-17 10:56:56.620461
32,16,9,211,57,0,2,0,f,f,2018-07-17 10:56:56.622642,2018-07-17 10:56:56.622642
33,19,9,211,73,0,3,0,f,f,2018-07-17 10:56:56.624439,2018-07-17 10:56:56.624439
34,16,9,211,83,0,4,0,f,f,2018-07-17 10:56:56.625803,2018-07-17 10:56:56.625803
35,20,10,146,1,0,1,0,f,f,2018-07-17 10:56:56.636649,2018-07-17 10:56:56.636649
36,21,10,217,75,0,1,1,f,f,2018-07-17 10:56:56.639148,2018-07-17 10:56:56.639148
37,22,10,146,79,0,2,1,f,f,2018-07-17 10:56:56.641540,2018-07-17 10:56:56.641540
38,23,10,146,89,0,3,1,f,f,2018-07-17 10:56:56.643975,2018-07-17 10:56:56.643975
39,24,11,214,60,0,1,0,f,f,2018-07-17 10:56:56.656064,2018-07-17 10:56:56.656064
40,25,12,214,7,0,1,0,f,f,2018-07-17 10:56:56.667203,2018-07-17 10:56:56.667203
41,26,12,214,24,0,2,0,f,f,2018-07-17 10:56:56.669728,2018-07-17 10:56:56.669728
42,27,12,214,30,0,3,0,f,f,2018-07-17 10:56:56.672228,2018-07-17 10:56:56.672228
43,28,12,214,35,0,4,0,f,f,2018-07-17 10:56:56.674744,2018-07-17 10:56:56.674744
44,29,13,191,23,0,1,0,f,f,2018-07-17 10:56:56.687655,2018-07-17 10:56:56.687655
45,30,13,191,45,0,2,0,f,f,2018-07-17 10:56:56.691056,2018-07-17 10:56:56.691056
46,31,13,191,69,0,3,0,f,f,2018-07-17 10:56:56.693634,2018-07-17 10:56:56.693634
47,31,14,191,10,0,1,0,f,f,2018-07-17 10:56:56.702135,2018-07-17 10:56:56.702135
48,31,14,191,15,0,2,0,f,f,2018-07-17 10:56:56.703395,2018-07-17 10:56:56.703395
49,31,14,191,50,0,3,0,f,f,2018-07-17 10:56:56.704569,2018-07-17 10:56:56.704569
50,32,15,213,40,0,1,0,f,f,2018-07-17 10:56:56.713533,2018-07-17 10:56:56.713533
51,5,16,210,20,0,1,0,f,f,2018-07-17 10:56:56.727276,2018-07-17 10:56:56.727276
52,33,16,210,56,0,2,0,f,f,2018-07-17 10:56:56.729924,2018-07-17 10:56:56.729924
53,9,16,210,69,0,3,0,f,f,2018-07-17 10:56:56.731125,2018-07-17 10:56:56.731125
54,34,16,210,80,0,4,0,f,f,2018-07-17 10:56:56.733794,2018-07-17 10:56:56.733794
55,34,16,210,85,0,5,0,f,f,2018-07-17 10:56:56.734983,2018-07-17 10:56:56.734983
56,9,16,210,87,0,6,0,f,f,2018-07-17 10:56:56.736202,2018-07-17 10:56:56.736202
57,35,16,191,89,0,6,1,f,f,2018-07-17 10:56:56.738753,2018-07-17 10:56:56.738753
58,18,17,227,4,0,0,1,f,f,2018-07-17 10:56:56.749065,2018-07-17 10:56:56.749065
59,28,17,214,18,0,1,1,f,f,2018-07-17 10:56:56.751193,2018-07-17 10:56:56.751193
60,27,17,214,20,0,2,1,f,f,2018-07-17 10:56:56.753195,2018-07-17 10:56:56.753195
61,27,17,214,31,0,3,1,f,f,2018-07-17 10:56:56.755085,2018-07-17 10:56:56.755085
62,36,17,214,61,0,4,1,f,f,2018-07-17 10:56:56.757755,2018-07-17 10:56:56.757755
63,28,17,214,67,0,5,1,f,f,2018-07-17 10:56:56.758971,2018-07-17 10:56:56.758971
64,28,17,214,72,0,6,1,f,f,2018-07-17 10:56:56.760113,2018-07-17 10:56:56.760113
65,25,18,214,12,0,1,0,f,f,2018-07-17 10:56:56.770311,2018-07-17 10:56:56.770311
66,34,18,210,20,0,1,1,f,f,2018-07-17 10:56:56.771561,2018-07-17 10:56:56.771561
67,9,18,210,37,0,1,2,f,f,2018-07-17 10:56:56.772732,2018-07-17 10:56:56.772732
68,28,18,214,57,0,2,2,f,f,2018-07-17 10:56:56.773887,2018-07-17 10:56:56.773887
69,36,18,214,68,0,3,2,f,f,2018-07-17 10:56:56.775022,2018-07-17 10:56:56.775022
70,24,18,214,89,0,4,2,f,f,2018-07-17 10:56:56.776190,2018-07-17 10:56:56.776190
71,278,19,210,4,0,0,1,f,f,2018-07-17 10:56:57.414189,2018-07-17 10:56:57.414189
72,279,19,147,9,0,1,1,f,f,2018-07-17 10:56:57.418612,2018-07-17 10:56:57.418612
73,280,19,210,48,0,1,2,f,f,2018-07-17 10:56:57.423801,2018-07-17 10:56:57.423801
74,279,19,147,67,0,2,2,f,f,2018-07-17 10:56:57.425432,2018-07-17 10:56:57.425432
75,281,19,147,79,0,3,2,f,f,2018-07-17 10:56:57.428389,2018-07-17 10:56:57.428389
76,282,20,131,18,0,0,1,f,f,2018-07-17 10:56:57.439744,2018-07-17 10:56:57.439744
77,283,20,124,44,0,1,1,f,f,2018-07-17 10:56:57.442336,2018-07-17 10:56:57.442336
78,284,20,124,93,0,2,1,f,f,2018-07-17 10:56:57.449073,2018-07-17 10:56:57.449073
79,285,20,124,109,0,3,1,f,f,2018-07-17 10:56:57.454326,2018-07-17 10:56:57.454326
80,286,20,131,116,0,3,2,t,f,2018-07-17 10:56:57.458271,2018-07-17 10:56:57.458271
81,287,21,127,25,0,1,0,f,f,2018-07-17 10:56:57.470621,2018-07-17 10:56:57.470621
82,74,21,125,29,0,1,1,f,f,2018-07-17 10:56:57.472204,2018-07-17 10:56:57.472204
83,74,21,125,43,0,1,2,f,f,2018-07-17 10:56:57.473751,2018-07-17 10:56:57.473751
84,288,21,127,49,0,2,2,f,f,2018-07-17 10:56:57.476479,2018-07-17 10:56:57.476479
85,289,21,127,66,0,3,2,f,f,2018-07-17 10:56:57.479296,2018-07-17 10:56:57.479296
86,289,21,127,70,0,4,2,f,f,2018-07-17 10:56:57.481275,2018-07-17 10:56:57.481275
87,289,21,127,87,0,5,2,f,f,2018-07-17 10:56:57.483168,2018-07-17 10:56:57.483168
88,290,22,129,18,0,1,0,t,f,2018-07-17 10:56:57.496178,2018-07-17 10:56:57.496178
89,290,22,129,25,0,2,0,f,f,2018-07-17 10:56:57.497449,2018-07-17 10:56:57.497449
90,291,22,129,29,0,3,0,f,f,2018-07-17 10:56:57.500252,2018-07-17 10:56:57.500252
91,292,22,211,55,0,3,1,f,f,2018-07-17 10:56:57.502957,2018-07-17 10:56:57.502957
92,293,23,149,11,0,1,0,f,f,2018-07-17 10:56:57.515702,2018-07-17 10:56:57.515702
93,294,23,149,27,0,2,0,f,f,2018-07-17 10:56:57.520822,2018-07-17 10:56:57.520822
94,295,23,2,31,0,2,1,f,f,2018-07-17 10:56:57.524439,2018-07-17 10:56:57.524439
95,295,23,2,39,0,2,2,f,f,2018-07-17 10:56:57.525700,2018-07-17 10:56:57.525700
96,296,23,149,53,0,3,2,f,f,2018-07-17 10:56:57.528530,2018-07-17 10:56:57.528530
97,294,23,149,61,0,4,2,f,f,2018-07-17 10:56:57.529852,2018-07-17 10:56:57.529852
98,297,24,153,7,0,1,0,f,f,2018-07-17 10:56:57.541084,2018-07-17 10:56:57.541084
99,298,24,137,19,0,1,1,f,f,2018-07-17 10:56:57.543910,2018-07-17 10:56:57.543910
100,297,24,153,43,0,2,1,f,f,2018-07-17 10:56:57.545392,2018-07-17 10:56:57.545392
101,299,24,153,69,0,3,1,f,f,2018-07-17 10:56:57.549631,2018-07-17 10:56:57.549631
102,300,24,137,84,0,3,2,f,f,2018-07-17 10:56:57.554482,2018-07-17 10:56:57.554482
103,301,25,134,18,0,1,0,f,f,2018-07-17 10:56:57.568134,2018-07-17 10:56:57.568134
104,302,25,134,20,0,2,0,f,f,2018-07-17 10:56:57.570914,2018-07-17 10:56:57.570914
105,301,25,134,29,0,3,0,f,f,2018-07-17 10:56:57.572208,2018-07-17 10:56:57.572208
106,303,25,191,57,0,3,1,f,f,2018-07-17 10:56:57.574924,2018-07-17 10:56:57.574924
107,304,25,134,63,0,4,1,f,f,2018-07-17 10:56:57.577745,2018-07-17 10:56:57.577745
108,301,25,134,64,0,5,1,f,f,2018-07-17 10:56:57.579696,2018-07-17 10:56:57.579696
109,302,25,134,69,0,6,1,f,f,2018-07-17 10:56:57.581571,2018-07-17 10:56:57.581571
110,305,25,134,90,0,7,1,f,f,2018-07-17 10:56:57.586633,2018-07-17 10:56:57.586633
111,306,26,146,11,0,0,1,f,f,2018-07-17 10:56:57.597484,2018-07-17 10:56:57.597484
112,307,26,223,50,0,1,1,f,f,2018-07-17 10:56:57.600400,2018-07-17 10:56:57.600400
113,308,26,223,67,0,2,1,f,f,2018-07-17 10:56:57.603186,2018-07-17 10:56:57.603186
114,297,27,153,18,0,0,1,f,f,2018-07-17 10:56:57.615356,2018-07-17 10:56:57.615356
115,309,27,223,24,0,1,1,f,f,2018-07-17 10:56:57.620076,2018-07-17 10:56:57.620076
116,310,27,223,49,0,2,1,f,f,2018-07-17 10:56:57.623650,2018-07-17 10:56:57.623650
117,311,27,153,78,0,2,2,f,f,2018-07-17 10:56:57.626428,2018-07-17 10:56:57.626428
118,308,27,223,82,0,3,2,f,f,2018-07-17 10:56:57.627718,2018-07-17 10:56:57.627718
119,312,28,127,60,0,1,0,f,f,2018-07-17 10:56:57.637729,2018-07-17 10:56:57.637729
120,312,28,127,63,0,2,0,f,f,2018-07-17 10:56:57.639018,2018-07-17 10:56:57.639018
121,313,28,147,82,0,2,1,f,f,2018-07-17 10:56:57.641748,2018-07-17 10:56:57.641748
122,314,29,129,30,0,0,1,f,f,2018-07-17 10:56:57.654566,2018-07-17 10:56:57.654566
123,304,29,134,44,0,1,1,f,f,2018-07-17 10:56:57.655940,2018-07-17 10:56:57.655940
124,315,30,124,8,0,1,0,f,f,2018-07-17 10:56:57.665367,2018-07-17 10:56:57.665367
125,316,30,124,51,0,2,0,f,f,2018-07-17 10:56:57.668146,2018-07-17 10:56:57.668146
126,317,30,149,60,0,2,1,t,f,2018-07-17 10:56:57.670870,2018-07-17 10:56:57.670870
127,305,31,134,11,0,1,0,f,f,2018-07-17 10:56:57.679498,2018-07-17 10:56:57.679498
128,318,32,134,19,0,1,0,f,f,2018-07-17 10:56:57.692374,2018-07-17 10:56:57.692374
129,308,33,223,19,0,1,0,f,f,2018-07-17 10:56:57.701330,2018-07-17 10:56:57.701330
130,319,33,127,62,0,1,1,f,f,2018-07-17 10:56:57.704255,2018-07-17 10:56:57.704255
131,308,33,223,71,0,2,1,f,f,2018-07-17 10:56:57.705491,2018-07-17 10:56:57.705491
132,308,33,223,80,0,3,1,f,f,2018-07-17 10:56:57.706838,2018-07-17 10:56:57.706838
133,320,34,127,1,0,1,0,f,f,2018-07-17 10:56:57.725700,2018-07-17 10:56:57.725700
134,289,34,127,27,0,2,0,f,f,2018-07-17 10:56:57.726948,2018-07-17 10:56:57.726948
135,315,34,124,28,0,2,1,f,f,2018-07-17 10:56:57.728145,2018-07-17 10:56:57.728145
136,320,34,127,42,0,3,1,f,f,2018-07-17 10:56:57.729474,2018-07-17 10:56:57.729474
137,321,34,124,54,0,3,2,f,f,2018-07-17 10:56:57.732287,2018-07-17 10:56:57.732287
138,307,35,223,71,0,0,1,f,f,2018-07-17 10:56:57.741151,2018-07-17 10:56:57.741151
139,302,35,134,81,0,1,1,f,f,2018-07-17 10:56:57.742595,2018-07-17 10:56:57.742595
140,301,35,134,95,0,2,1,f,f,2018-07-17 10:56:57.744200,2018-07-17 10:56:57.744200
141,322,36,127,29,0,0,1,f,f,2018-07-17 10:56:57.798254,2018-07-17 10:56:57.798254
142,299,36,153,43,0,1,1,f,f,2018-07-17 10:56:57.799557,2018-07-17 10:56:57.799557
143,323,37,149,14,0,1,0,f,f,2018-07-17 10:56:57.813712,2018-07-17 10:56:57.813712
144,294,37,149,16,0,2,0,f,f,2018-07-17 10:56:57.815861,2018-07-17 10:56:57.815861
145,317,37,149,25,0,3,0,f,f,2018-07-17 10:56:57.817527,2018-07-17 10:56:57.817527
146,324,37,149,30,0,4,0,f,f,2018-07-17 10:56:57.820391,2018-07-17 10:56:57.820391
147,324,37,149,67,0,5,0,f,f,2018-07-17 10:56:57.821647,2018-07-17 10:56:57.821647
148,317,37,149,88,0,6,0,f,f,2018-07-17 10:56:57.822934,2018-07-17 10:56:57.822934
149,147,38,131,1,0,1,0,f,f,2018-07-17 10:56:57.832158,2018-07-17 10:56:57.832158
150,282,38,131,16,0,2,0,f,f,2018-07-17 10:56:57.833466,2018-07-17 10:56:57.833466
151,325,38,125,38,0,2,1,f,f,2018-07-17 10:56:57.836188,2018-07-17 10:56:57.836188
152,282,38,131,69,0,3,1,f,f,2018-07-17 10:56:57.837472,2018-07-17 10:56:57.837472
153,326,39,146,35,0,0,1,f,f,2018-07-17 10:56:57.852798,2018-07-17 10:56:57.852798
154,327,39,97,44,0,1,1,f,f,2018-07-17 10:56:57.855575,2018-07-17 10:56:57.855575
155,89,39,97,87,0,2,1,f,f,2018-07-17 10:56:57.857191,2018-07-17 10:56:57.857191
156,328,39,146,88,0,2,2,f,f,2018-07-17 10:56:57.859887,2018-07-17 10:56:57.859887
157,306,39,146,105,0,2,3,f,f,2018-07-17 10:56:57.861193,2018-07-17 10:56:57.861193
158,329,39,97,117,0,3,3,f,f,2018-07-17 10:56:57.863923,2018-07-17 10:56:57.863923
159,330,40,134,2,0,1,0,f,f,2018-07-17 10:56:57.875122,2018-07-17 10:56:57.875122
160,331,40,160,83,0,1,1,f,f,2018-07-17 10:56:57.880361,2018-07-17 10:56:57.880361
161,332,40,134,94,0,2,1,f,f,2018-07-17 10:56:57.883998,2018-07-17 10:56:57.883998
162,292,41,211,18,0,1,0,f,f,2018-07-17 10:56:57.897394,2018-07-17 10:56:57.897394
163,333,41,145,23,0,1,1,t,f,2018-07-17 10:56:57.900318,2018-07-17 10:56:57.900318
164,334,41,211,25,0,2,1,f,f,2018-07-17 10:56:57.903120,2018-07-17 10:56:57.903120
165,335,41,211,44,0,3,1,f,f,2018-07-17 10:56:57.906906,2018-07-17 10:56:57.906906
166,336,41,145,53,0,3,2,f,f,2018-07-17 10:56:57.911772,2018-07-17 10:56:57.911772
167,336,41,145,59,0,3,3,f,f,2018-07-17 10:56:57.913841,2018-07-17 10:56:57.913841
168,335,41,211,71,0,4,3,f,f,2018-07-17 10:56:57.915690,2018-07-17 10:56:57.915690
169,336,41,145,89,0,4,4,f,f,2018-07-17 10:56:57.916970,2018-07-17 10:56:57.916970
170,292,41,211,93,0,5,4,f,f,2018-07-17 10:56:57.918211,2018-07-17 10:56:57.918211
171,292,41,211,104,0,6,4,f,f,2018-07-17 10:56:57.919475,2018-07-17 10:56:57.919475
172,336,41,145,118,0,6,5,f,f,2018-07-17 10:56:57.920737,2018-07-17 10:56:57.920737
173,337,42,223,93,0,1,0,f,f,2018-07-17 10:56:57.930733,2018-07-17 10:56:57.930733
174,308,42,223,111,0,2,0,f,f,2018-07-17 10:56:57.932166,2018-07-17 10:56:57.932166
175,338,42,223,118,0,3,0,f,f,2018-07-17 10:56:57.934933,2018-07-17 10:56:57.934933
176,306,43,146,35,0,0,1,f,f,2018-07-17 10:56:57.948464,2018-07-17 10:56:57.948464
177,327,43,97,51,0,1,1,f,f,2018-07-17 10:56:57.949769,2018-07-17 10:56:57.949769
178,339,43,97,57,0,2,1,f,f,2018-07-17 10:56:57.952571,2018-07-17 10:56:57.952571
179,340,44,127,8,0,1,0,f,f,2018-07-17 10:56:57.964632,2018-07-17 10:56:57.964632
180,341,44,127,22,0,2,0,f,t,2018-07-17 10:56:57.967502,2018-07-17 10:56:57.967502
181,342,44,153,42,0,2,1,f,f,2018-07-17 10:56:57.970844,2018-07-17 10:56:57.970844
182,343,44,153,64,0,2,2,f,f,2018-07-17 10:56:57.975750,2018-07-17 10:56:57.975750
183,299,44,153,75,0,2,3,f,f,2018-07-17 10:56:57.978279,2018-07-17 10:56:57.978279
184,299,44,153,78,0,2,4,f,f,2018-07-17 10:56:57.980492,2018-07-17 10:56:57.980492
185,292,45,211,30,0,1,0,f,f,2018-07-17 10:56:57.992675,2018-07-17 10:56:57.992675
186,308,45,223,65,0,1,1,t,f,2018-07-17 10:56:57.993987,2018-07-17 10:56:57.993987
187,317,46,149,40,0,0,1,f,f,2018-07-17 10:56:58.001453,2018-07-17 10:56:58.001453
188,324,46,149,89,0,0,2,f,f,2018-07-17 10:56:58.002971,2018-07-17 10:56:58.002971
189,344,47,147,9,0,1,0,f,f,2018-07-17 10:56:58.019126,2018-07-17 10:56:58.019126
190,345,47,147,32,0,2,0,f,f,2018-07-17 10:56:58.021836,2018-07-17 10:56:58.021836
191,345,47,147,37,0,3,0,f,f,2018-07-17 10:56:58.023127,2018-07-17 10:56:58.023127
192,345,47,147,44,0,4,0,f,f,2018-07-17 10:56:58.024346,2018-07-17 10:56:58.024346
193,346,47,147,80,0,5,0,f,f,2018-07-17 10:56:58.027141,2018-07-17 10:56:58.027141
194,344,47,147,81,0,6,0,f,f,2018-07-17 10:56:58.028389,2018-07-17 10:56:58.028389
195,347,47,147,84,0,7,0,f,f,2018-07-17 10:56:58.031253,2018-07-17 10:56:58.031253
196,344,47,147,90,0,8,0,f,f,2018-07-17 10:56:58.032489,2018-07-17 10:56:58.032489
197,348,48,134,9,0,0,1,f,f,2018-07-17 10:56:58.046720,2018-07-17 10:56:58.046720
198,349,48,131,10,0,1,1,f,f,2018-07-17 10:56:58.049681,2018-07-17 10:56:58.049681
199,332,48,134,51,0,1,2,f,f,2018-07-17 10:56:58.051016,2018-07-17 10:56:58.051016
200,332,48,134,72,0,1,3,f,f,2018-07-17 10:56:58.052225,2018-07-17 10:56:58.052225
201,350,49,223,25,0,0,1,f,f,2018-07-17 10:56:58.063260,2018-07-17 10:56:58.063260
202,292,49,211,57,0,1,1,f,f,2018-07-17 10:56:58.064497,2018-07-17 10:56:58.064497
203,56,49,211,62,0,2,1,f,f,2018-07-17 10:56:58.065993,2018-07-17 10:56:58.065993
204,347,50,147,1,0,0,1,f,f,2018-07-17 10:56:58.079798,2018-07-17 10:56:58.079798
205,351,50,149,19,0,1,1,f,t,2018-07-17 10:56:58.082743,2018-07-17 10:56:58.082743
206,352,50,149,37,0,2,1,f,f,2018-07-17 10:56:58.085450,2018-07-17 10:56:58.085450
207,324,50,149,39,0,3,1,f,f,2018-07-17 10:56:58.086715,2018-07-17 10:56:58.086715
208,317,50,149,65,0,4,1,f,f,2018-07-17 10:56:58.087938,2018-07-17 10:56:58.087938
209,324,50,149,85,0,5,1,f,f,2018-07-17 10:56:58.089139,2018-07-17 10:56:58.089139
210,348,51,134,51,0,1,0,f,f,2018-07-17 10:56:58.096785,2018-07-17 10:56:58.096785
211,305,51,134,60,0,2,0,t,f,2018-07-17 10:56:58.098004,2018-07-17 10:56:58.098004
212,334,51,211,87,0,2,1,f,f,2018-07-17 10:56:58.099226,2018-07-17 10:56:58.099226
213,279,52,147,28,0,1,0,f,f,2018-07-17 10:56:58.112970,2018-07-17 10:56:58.112970
214,347,52,147,38,0,2,0,f,f,2018-07-17 10:56:58.114255,2018-07-17 10:56:58.114255
215,334,52,211,44,0,2,1,f,f,2018-07-17 10:56:58.115526,2018-07-17 10:56:58.115526
216,292,52,211,63,0,2,2,f,f,2018-07-17 10:56:58.116721,2018-07-17 10:56:58.116721
217,292,52,211,74,0,2,3,f,f,2018-07-17 10:56:58.117881,2018-07-17 10:56:58.117881
218,335,52,211,80,0,2,4,f,f,2018-07-17 10:56:58.119056,2018-07-17 10:56:58.119056
219,348,53,134,6,0,0,1,f,f,2018-07-17 10:56:58.129225,2018-07-17 10:56:58.129225
220,352,53,149,8,0,1,1,f,f,2018-07-17 10:56:58.130615,2018-07-17 10:56:58.130615
221,332,53,134,16,0,1,2,f,f,2018-07-17 10:56:58.131899,2018-07-17 10:56:58.131899
222,348,53,134,35,0,1,3,f,f,2018-07-17 10:56:58.133074,2018-07-17 10:56:58.133074
223,317,53,149,70,0,2,3,f,f,2018-07-17 10:56:58.134630,2018-07-17 10:56:58.134630
224,332,53,134,82,0,2,4,f,f,2018-07-17 10:56:58.136706,2018-07-17 10:56:58.136706
225,353,54,211,30,0,1,0,f,f,2018-07-17 10:56:58.243303,2018-07-17 10:56:58.243303
226,354,54,211,65,0,2,0,f,f,2018-07-17 10:56:58.246102,2018-07-17 10:56:58.246102
227,355,54,211,71,0,3,0,f,f,2018-07-17 10:56:58.248964,2018-07-17 10:56:58.248964
228,353,54,211,79,0,4,0,f,f,2018-07-17 10:56:58.250257,2018-07-17 10:56:58.250257
229,356,55,227,59,0,1,0,f,f,2018-07-17 10:56:58.280713,2018-07-17 10:56:58.280713
230,357,55,227,70,0,2,0,f,f,2018-07-17 10:56:58.283665,2018-07-17 10:56:58.283665
231,358,55,227,75,0,3,0,f,f,2018-07-17 10:56:58.286561,2018-07-17 10:56:58.286561
232,154,56,211,3,0,1,0,f,f,2018-07-17 10:56:58.316321,2018-07-17 10:56:58.316321
233,359,56,153,17,0,1,1,f,f,2018-07-17 10:56:58.319127,2018-07-17 10:56:58.319127
234,355,56,211,32,0,2,1,f,f,2018-07-17 10:56:58.320394,2018-07-17 10:56:58.320394
235,359,56,153,88,0,2,2,f,f,2018-07-17 10:56:58.321686,2018-07-17 10:56:58.321686
236,360,57,227,19,0,1,0,f,f,2018-07-17 10:56:58.336174,2018-07-17 10:56:58.336174
237,361,57,227,22,0,2,0,f,f,2018-07-17 10:56:58.342067,2018-07-17 10:56:58.342067
238,361,57,227,62,0,3,0,f,f,2018-07-17 10:56:58.343582,2018-07-17 10:56:58.343582
239,357,57,227,81,0,4,0,f,f,2018-07-17 10:56:58.344851,2018-07-17 10:56:58.344851
240,362,57,190,89,0,4,1,t,f,2018-07-17 10:56:58.347659,2018-07-17 10:56:58.347659
241,353,58,211,4,0,1,0,f,f,2018-07-17 10:56:58.379447,2018-07-17 10:56:58.379447
242,363,58,211,69,0,2,0,f,f,2018-07-17 10:56:58.382775,2018-07-17 10:56:58.382775
243,364,59,153,10,0,1,0,f,f,2018-07-17 10:56:58.417107,2018-07-17 10:56:58.417107
244,365,59,153,44,0,2,0,f,f,2018-07-17 10:56:58.419947,2018-07-17 10:56:58.419947
245,366,59,190,89,0,2,1,f,f,2018-07-17 10:56:58.422710,2018-07-17 10:56:58.422710
246,367,60,170,27,0,1,0,f,f,2018-07-17 10:56:58.436258,2018-07-17 10:56:58.436258
247,368,60,170,51,0,2,0,f,f,2018-07-17 10:56:58.440026,2018-07-17 10:56:58.440026
248,369,61,191,17,0,0,1,f,f,2018-07-17 10:56:58.452076,2018-07-17 10:56:58.452076
249,370,61,129,81,0,1,1,f,f,2018-07-17 10:56:58.454909,2018-07-17 10:56:58.454909
250,371,61,129,83,0,2,1,f,f,2018-07-17 10:56:58.457594,2018-07-17 10:56:58.457594
251,372,61,129,89,0,3,1,f,f,2018-07-17 10:56:58.460524,2018-07-17 10:56:58.460524
252,371,62,129,17,0,1,0,f,f,2018-07-17 10:56:58.492516,2018-07-17 10:56:58.492516
253,372,62,129,30,0,2,0,f,f,2018-07-17 10:56:58.494028,2018-07-17 10:56:58.494028
254,373,63,191,38,0,1,0,f,f,2018-07-17 10:56:58.507634,2018-07-17 10:56:58.507634
255,372,64,129,48,0,1,0,f,f,2018-07-17 10:56:58.519102,2018-07-17 10:56:58.519102
256,374,65,212,16,0,1,0,f,f,2018-07-17 10:56:58.536633,2018-07-17 10:56:58.536633
257,375,65,212,32,0,2,0,f,f,2018-07-17 10:56:58.539853,2018-07-17 10:56:58.539853
258,376,65,191,47,0,2,1,f,f,2018-07-17 10:56:58.542596,2018-07-17 10:56:58.542596
259,377,65,191,48,0,2,2,t,f,2018-07-17 10:56:58.545299,2018-07-17 10:56:58.545299
260,378,65,212,54,0,3,2,f,f,2018-07-17 10:56:58.548143,2018-07-17 10:56:58.548143
261,379,65,212,60,0,4,2,f,f,2018-07-17 10:56:58.550880,2018-07-17 10:56:58.550880
262,378,65,212,82,0,5,2,f,f,2018-07-17 10:56:58.552105,2018-07-17 10:56:58.552105
263,380,66,134,7,0,0,1,f,f,2018-07-17 10:56:58.565811,2018-07-17 10:56:58.565811
264,381,66,147,25,0,1,1,f,f,2018-07-17 10:56:58.570229,2018-07-17 10:56:58.570229
265,344,66,147,33,0,2,1,f,f,2018-07-17 10:56:58.572010,2018-07-17 10:56:58.572010
266,381,66,147,68,0,3,1,f,f,2018-07-17 10:56:58.573317,2018-07-17 10:56:58.573317
267,382,66,134,75,0,3,2,f,f,2018-07-17 10:56:58.576233,2018-07-17 10:56:58.576233
268,383,67,147,17,0,1,0,f,f,2018-07-17 10:56:58.587917,2018-07-17 10:56:58.587917
269,384,67,147,26,0,2,0,f,f,2018-07-17 10:56:58.590696,2018-07-17 10:56:58.590696
270,160,67,213,35,0,2,1,f,f,2018-07-17 10:56:58.592652,2018-07-17 10:56:58.592652
271,385,67,213,74,0,2,2,f,f,2018-07-17 10:56:58.597116,2018-07-17 10:56:58.597116
272,380,68,134,12,0,1,0,f,f,2018-07-17 10:56:58.608256,2018-07-17 10:56:58.608256
273,386,68,134,62,0,2,0,f,f,2018-07-17 10:56:58.611146,2018-07-17 10:56:58.611146
274,387,69,214,14,0,1,0,f,f,2018-07-17 10:56:58.625741,2018-07-17 10:56:58.625741
275,6,69,214,18,0,2,0,f,f,2018-07-17 10:56:58.627551,2018-07-17 10:56:58.627551
276,388,69,214,23,0,3,0,f,f,2018-07-17 10:56:58.632743,2018-07-17 10:56:58.632743
277,387,69,214,40,0,4,0,f,f,2018-07-17 10:56:58.635112,2018-07-17 10:56:58.635112
278,387,69,214,51,0,5,0,f,f,2018-07-17 10:56:58.637247,2018-07-17 10:56:58.637247
279,388,69,214,54,0,6,0,f,f,2018-07-17 10:56:58.638552,2018-07-17 10:56:58.638552
280,159,69,214,83,0,7,0,f,f,2018-07-17 10:56:58.640145,2018-07-17 10:56:58.640145
281,389,69,214,87,0,8,0,f,f,2018-07-17 10:56:58.642924,2018-07-17 10:56:58.642924
282,389,70,214,29,0,1,0,f,f,2018-07-17 10:56:58.662722,2018-07-17 10:56:58.662722
283,371,70,129,37,0,1,1,f,f,2018-07-17 10:56:58.664975,2018-07-17 10:56:58.664975
284,371,70,129,39,0,1,2,f,f,2018-07-17 10:56:58.667149,2018-07-17 10:56:58.667149
285,390,70,214,73,0,2,2,f,f,2018-07-17 10:56:58.670803,2018-07-17 10:56:58.670803
286,353,71,211,17,0,1,0,f,f,2018-07-17 10:56:58.682127,2018-07-17 10:56:58.682127
287,353,71,211,36,0,2,0,f,f,2018-07-17 10:56:58.683475,2018-07-17 10:56:58.683475
288,391,71,211,39,0,3,0,f,f,2018-07-17 10:56:58.686175,2018-07-17 10:56:58.686175
289,353,71,211,52,0,4,0,f,f,2018-07-17 10:56:58.687460,2018-07-17 10:56:58.687460
290,353,71,211,58,0,5,0,f,f,2018-07-17 10:56:58.688690,2018-07-17 10:56:58.688690
291,344,71,147,67,0,5,1,t,f,2018-07-17 10:56:58.690327,2018-07-17 10:56:58.690327
292,392,71,211,85,0,6,1,f,f,2018-07-17 10:56:58.694148,2018-07-17 10:56:58.694148
293,391,71,211,88,0,7,1,f,f,2018-07-17 10:56:58.696225,2018-07-17 10:56:58.696225
294,393,72,211,15,0,1,0,f,t,2018-07-17 10:56:58.711029,2018-07-17 10:56:58.711029
295,354,72,211,21,0,2,0,f,f,2018-07-17 10:56:58.712335,2018-07-17 10:56:58.712335
296,391,72,211,31,0,3,0,f,f,2018-07-17 10:56:58.713578,2018-07-17 10:56:58.713578
297,391,72,211,55,0,4,0,f,f,2018-07-17 10:56:58.714917,2018-07-17 10:56:58.714917
298,353,72,211,57,0,5,0,f,f,2018-07-17 10:56:58.716220,2018-07-17 10:56:58.716220
299,363,72,211,67,0,6,0,f,f,2018-07-17 10:56:58.717514,2018-07-17 10:56:58.717514
300,370,72,129,71,0,6,1,f,f,2018-07-17 10:56:58.718744,2018-07-17 10:56:58.718744
301,384,73,147,5,0,0,1,f,f,2018-07-17 10:56:58.729868,2018-07-17 10:56:58.729868
302,389,73,214,39,0,1,1,f,f,2018-07-17 10:56:58.732781,2018-07-17 10:56:58.732781
303,383,73,147,40,0,1,2,f,f,2018-07-17 10:56:58.735012,2018-07-17 10:56:58.735012
304,387,73,214,77,0,2,2,f,f,2018-07-17 10:56:58.736540,2018-07-17 10:56:58.736540
305,387,73,214,85,0,3,2,f,f,2018-07-17 10:56:58.737897,2018-07-17 10:56:58.737897
306,383,74,147,15,0,1,0,f,f,2018-07-17 10:56:58.747013,2018-07-17 10:56:58.747013
307,394,74,147,33,0,2,0,f,f,2018-07-17 10:56:58.749940,2018-07-17 10:56:58.749940
308,384,74,147,80,0,3,0,f,f,2018-07-17 10:56:58.751198,2018-07-17 10:56:58.751198
309,372,74,129,82,0,3,1,f,f,2018-07-17 10:56:58.752422,2018-07-17 10:56:58.752422
310,395,75,211,47,0,0,1,f,f,2018-07-17 10:56:58.765061,2018-07-17 10:56:58.765061
311,388,75,214,66,0,1,1,f,f,2018-07-17 10:56:58.767329,2018-07-17 10:56:58.767329
312,389,75,214,79,0,2,1,f,f,2018-07-17 10:56:58.768826,2018-07-17 10:56:58.768826
313,396,773,154,11,0,0,1,f,t,2018-07-17 10:57:16.366271,2018-07-17 10:57:16.366271
314,397,773,211,29,0,1,1,f,f,2018-07-17 10:57:16.369513,2018-07-17 10:57:16.369513
315,397,773,211,71,0,2,1,t,f,2018-07-17 10:57:16.371419,2018-07-17 10:57:16.371419
316,97,773,211,90,1,3,1,f,f,2018-07-17 10:57:16.373901,2018-07-17 10:57:16.373901
317,398,774,190,61,0,1,0,f,f,2018-07-17 10:57:16.384057,2018-07-17 10:57:16.384057
318,399,776,154,11,0,0,1,f,f,2018-07-17 10:57:16.404932,2018-07-17 10:57:16.404932
319,400,776,154,48,0,0,2,f,f,2018-07-17 10:57:16.407827,2018-07-17 10:57:16.407827
320,401,776,154,61,0,0,3,f,f,2018-07-17 10:57:16.410824,2018-07-17 10:57:16.410824
321,401,776,154,73,0,0,4,f,f,2018-07-17 10:57:16.412122,2018-07-17 10:57:16.412122
322,397,777,211,17,0,0,1,f,f,2018-07-17 10:57:16.425730,2018-07-17 10:57:16.425730
323,402,777,22,26,0,1,1,f,f,2018-07-17 10:57:16.428883,2018-07-17 10:57:16.428883
324,397,777,211,35,0,1,2,f,f,2018-07-17 10:57:16.430125,2018-07-17 10:57:16.430125
325,154,777,211,49,0,1,3,f,f,2018-07-17 10:57:16.431805,2018-07-17 10:57:16.431805
326,403,777,211,84,0,1,4,f,f,2018-07-17 10:57:16.434571,2018-07-17 10:57:16.434571
327,404,778,190,72,0,0,1,f,f,2018-07-17 10:57:16.450569,2018-07-17 10:57:16.450569
328,405,778,190,75,0,0,2,f,f,2018-07-17 10:57:16.455825,2018-07-17 10:57:16.455825
329,406,778,190,82,0,0,3,f,f,2018-07-17 10:57:16.459800,2018-07-17 10:57:16.459800
330,400,778,154,87,0,1,3,f,f,2018-07-17 10:57:16.461049,2018-07-17 10:57:16.461049
331,407,779,129,27,0,1,0,t,f,2018-07-17 10:57:16.473442,2018-07-17 10:57:16.473442
332,408,779,137,44,0,1,1,f,f,2018-07-17 10:57:16.476205,2018-07-17 10:57:16.476205
333,409,779,137,53,0,1,2,f,f,2018-07-17 10:57:16.479139,2018-07-17 10:57:16.479139
334,410,779,137,65,0,1,3,f,f,2018-07-17 10:57:16.482255,2018-07-17 10:57:16.482255
335,408,779,137,72,0,1,4,f,f,2018-07-17 10:57:16.484366,2018-07-17 10:57:16.484366
336,409,779,137,80,0,1,5,f,f,2018-07-17 10:57:16.487026,2018-07-17 10:57:16.487026
337,411,780,212,12,0,1,0,f,f,2018-07-17 10:57:16.500501,2018-07-17 10:57:16.500501
338,412,780,212,14,0,2,0,f,f,2018-07-17 10:57:16.503331,2018-07-17 10:57:16.503331
339,413,780,193,35,0,2,1,f,f,2018-07-17 10:57:16.506224,2018-07-17 10:57:16.506224
340,414,780,212,90,2,3,1,f,f,2018-07-17 10:57:16.508937,2018-07-17 10:57:16.508937
341,415,781,212,20,0,0,1,f,f,2018-07-17 10:57:16.523159,2018-07-17 10:57:16.523159
342,416,781,212,43,0,0,2,f,f,2018-07-17 10:57:16.526228,2018-07-17 10:57:16.526228
343,409,782,137,20,0,0,1,f,f,2018-07-17 10:57:16.536666,2018-07-17 10:57:16.536666
344,417,782,193,21,0,1,1,f,f,2018-07-17 10:57:16.539600,2018-07-17 10:57:16.539600
345,418,782,193,54,0,2,1,t,f,2018-07-17 10:57:16.542362,2018-07-17 10:57:16.542362
346,408,782,137,58,0,2,2,f,f,2018-07-17 10:57:16.543659,2018-07-17 10:57:16.543659
347,419,782,137,68,0,2,3,f,f,2018-07-17 10:57:16.546739,2018-07-17 10:57:16.546739
348,420,783,129,36,0,0,1,f,f,2018-07-17 10:57:16.561387,2018-07-17 10:57:16.561387
349,421,783,129,69,0,0,2,f,f,2018-07-17 10:57:16.564232,2018-07-17 10:57:16.564232
350,422,783,129,82,0,0,3,f,f,2018-07-17 10:57:16.567211,2018-07-17 10:57:16.567211
351,423,784,137,77,0,1,0,f,f,2018-07-17 10:57:16.577716,2018-07-17 10:57:16.577716
352,419,784,137,90,2,2,0,f,f,2018-07-17 10:57:16.579364,2018-07-17 10:57:16.579364
353,424,785,215,5,0,1,0,f,f,2018-07-17 10:57:16.594250,2018-07-17 10:57:16.594250
354,425,785,215,58,0,2,0,f,f,2018-07-17 10:57:16.597089,2018-07-17 10:57:16.597089
355,426,785,215,90,3,3,0,f,f,2018-07-17 10:57:16.600056,2018-07-17 10:57:16.600056
356,427,786,72,16,0,0,1,f,f,2018-07-17 10:57:16.611286,2018-07-17 10:57:16.611286
357,428,786,17,64,0,1,1,f,f,2018-07-17 10:57:16.616795,2018-07-17 10:57:16.616795
358,429,786,17,66,0,2,1,f,f,2018-07-17 10:57:16.621094,2018-07-17 10:57:16.621094
359,426,787,215,64,0,1,0,f,f,2018-07-17 10:57:16.631337,2018-07-17 10:57:16.631337
360,430,787,215,70,0,2,0,f,f,2018-07-17 10:57:16.634299,2018-07-17 10:57:16.634299
361,429,787,17,73,0,2,1,f,f,2018-07-17 10:57:16.635647,2018-07-17 10:57:16.635647
362,431,789,215,17,0,0,1,t,f,2018-07-17 10:57:16.657157,2018-07-17 10:57:16.657157
363,432,789,72,45,1,1,1,f,f,2018-07-17 10:57:16.660084,2018-07-17 10:57:16.660084
364,433,789,215,55,0,1,2,f,f,2018-07-17 10:57:16.662990,2018-07-17 10:57:16.662990
365,433,789,215,82,0,1,3,f,f,2018-07-17 10:57:16.664319,2018-07-17 10:57:16.664319
366,426,789,215,90,0,1,4,f,f,2018-07-17 10:57:16.665747,2018-07-17 10:57:16.665747
367,434,790,132,42,0,1,0,f,f,2018-07-17 10:57:16.683001,2018-07-17 10:57:16.683001
368,428,790,17,74,0,1,1,f,f,2018-07-17 10:57:16.685117,2018-07-17 10:57:16.685117
369,435,790,132,90,3,2,1,t,f,2018-07-17 10:57:16.688576,2018-07-17 10:57:16.688576
370,436,791,214,24,0,1,0,t,f,2018-07-17 10:57:16.701573,2018-07-17 10:57:16.701573
371,437,791,118,54,0,1,1,f,f,2018-07-17 10:57:16.704410,2018-07-17 10:57:16.704410
372,438,791,118,57,0,1,2,f,f,2018-07-17 10:57:16.707220,2018-07-17 10:57:16.707220
373,439,791,118,84,0,1,3,f,f,2018-07-17 10:57:16.711114,2018-07-17 10:57:16.711114
374,440,792,134,35,0,0,1,f,f,2018-07-17 10:57:16.725855,2018-07-17 10:57:16.725855
375,441,792,170,37,0,1,1,f,f,2018-07-17 10:57:16.728753,2018-07-17 10:57:16.728753
376,442,792,134,50,0,1,2,f,f,2018-07-17 10:57:16.731608,2018-07-17 10:57:16.731608
377,443,793,214,39,0,1,0,f,f,2018-07-17 10:57:16.744692,2018-07-17 10:57:16.744692
378,444,793,170,75,0,1,1,f,f,2018-07-17 10:57:16.749971,2018-07-17 10:57:16.749971
379,443,793,214,85,0,2,1,f,f,2018-07-17 10:57:16.752151,2018-07-17 10:57:16.752151
380,445,794,118,44,0,0,1,f,f,2018-07-17 10:57:16.762569,2018-07-17 10:57:16.762569
381,446,795,214,81,0,0,1,f,f,2018-07-17 10:57:16.773092,2018-07-17 10:57:16.773092
382,447,797,216,22,0,0,1,f,f,2018-07-17 10:57:16.794180,2018-07-17 10:57:16.794180
383,448,797,153,48,0,1,1,f,f,2018-07-17 10:57:16.797030,2018-07-17 10:57:16.797030
384,449,797,153,90,3,2,1,f,f,2018-07-17 10:57:16.800029,2018-07-17 10:57:16.800029
385,450,798,131,45,0,1,0,t,f,2018-07-17 10:57:16.814763,2018-07-17 10:57:16.814763
386,451,798,131,48,0,2,0,f,t,2018-07-17 10:57:16.818650,2018-07-17 10:57:16.818650
387,450,798,131,72,0,3,0,f,f,2018-07-17 10:57:16.819987,2018-07-17 10:57:16.819987
388,452,799,131,17,0,0,1,f,f,2018-07-17 10:57:16.834777,2018-07-17 10:57:16.834777
389,453,799,131,18,0,0,2,f,f,2018-07-17 10:57:16.837815,2018-07-17 10:57:16.837815
390,454,799,131,40,0,0,3,f,f,2018-07-17 10:57:16.841896,2018-07-17 10:57:16.841896
391,450,799,131,67,0,0,4,f,f,2018-07-17 10:57:16.844074,2018-07-17 10:57:16.844074
392,455,799,131,73,0,0,5,f,f,2018-07-17 10:57:16.849206,2018-07-17 10:57:16.849206
393,456,799,153,81,0,1,5,f,f,2018-07-17 10:57:16.852348,2018-07-17 10:57:16.852348
394,457,799,153,87,0,2,5,f,f,2018-07-17 10:57:16.855191,2018-07-17 10:57:16.855191
395,458,800,117,31,0,1,0,f,f,2018-07-17 10:57:16.866968,2018-07-17 10:57:16.866968
396,447,800,216,34,0,1,1,f,f,2018-07-17 10:57:16.868296,2018-07-17 10:57:16.868296
397,447,800,216,65,0,1,2,f,f,2018-07-17 10:57:16.869562,2018-07-17 10:57:16.869562
398,459,801,153,6,0,0,1,f,f,2018-07-17 10:57:16.884781,2018-07-17 10:57:16.884781
399,459,801,153,31,0,0,2,f,f,2018-07-17 10:57:16.886268,2018-07-17 10:57:16.886268
400,459,801,153,71,0,0,3,f,f,2018-07-17 10:57:16.887576,2018-07-17 10:57:16.887576
401,460,803,210,3,0,1,0,f,t,2018-07-17 10:57:16.904876,2018-07-17 10:57:16.904876
402,461,803,210,65,0,2,0,f,f,2018-07-17 10:57:16.909609,2018-07-17 10:57:16.909609
403,462,803,162,85,0,2,1,f,f,2018-07-17 10:57:16.914919,2018-07-17 10:57:16.914919
404,461,805,210,90,0,1,0,f,f,2018-07-17 10:57:16.932506,2018-07-17 10:57:16.932506
405,463,806,20,29,0,1,0,f,f,2018-07-17 10:57:16.945443,2018-07-17 10:57:16.945443
406,461,807,210,3,0,0,1,f,f,2018-07-17 10:57:16.957731,2018-07-17 10:57:16.957731
407,464,807,20,4,0,1,1,f,f,2018-07-17 10:57:16.960757,2018-07-17 10:57:16.960757
408,461,807,210,45,1,1,2,f,f,2018-07-17 10:57:16.962095,2018-07-17 10:57:16.962095
409,464,807,20,47,0,2,2,f,f,2018-07-17 10:57:16.963400,2018-07-17 10:57:16.963400
410,465,807,210,50,0,2,3,f,f,2018-07-17 10:57:16.966343,2018-07-17 10:57:16.966343
411,466,808,162,23,0,1,0,f,f,2018-07-17 10:57:16.982352,2018-07-17 10:57:16.982352
412,467,808,162,59,0,2,0,f,f,2018-07-17 10:57:16.985236,2018-07-17 10:57:16.985236
413,468,808,178,82,0,2,1,f,f,2018-07-17 10:57:16.988118,2018-07-17 10:57:16.988118
414,469,808,162,83,0,3,1,f,f,2018-07-17 10:57:16.990995,2018-07-17 10:57:16.990995
415,470,809,127,12,0,1,0,t,f,2018-07-17 10:57:17.004397,2018-07-17 10:57:17.004397
416,471,809,127,32,0,2,0,f,f,2018-07-17 10:57:17.009701,2018-07-17 10:57:17.009701
417,470,809,127,45,1,3,0,f,f,2018-07-17 10:57:17.011996,2018-07-17 10:57:17.011996
418,470,809,127,78,0,4,0,f,f,2018-07-17 10:57:17.013621,2018-07-17 10:57:17.013621
419,472,810,191,1,0,0,1,f,f,2018-07-17 10:57:17.025568,2018-07-17 10:57:17.025568
420,473,810,18,82,0,1,1,f,f,2018-07-17 10:57:17.028480,2018-07-17 10:57:17.028480
421,474,810,191,86,0,1,2,f,f,2018-07-17 10:57:17.031343,2018-07-17 10:57:17.031343
422,475,811,127,51,0,1,0,f,f,2018-07-17 10:57:17.047329,2018-07-17 10:57:17.047329
423,473,811,18,54,0,1,1,f,f,2018-07-17 10:57:17.048715,2018-07-17 10:57:17.048715
424,476,811,18,63,0,1,2,f,f,2018-07-17 10:57:17.051641,2018-07-17 10:57:17.051641
425,477,811,127,71,0,2,2,f,f,2018-07-17 10:57:17.054507,2018-07-17 10:57:17.054507
426,14,812,138,5,0,0,1,f,f,2018-07-17 10:57:17.065681,2018-07-17 10:57:17.065681
427,478,812,191,64,0,1,1,f,f,2018-07-17 10:57:17.069811,2018-07-17 10:57:17.069811
428,472,812,191,81,0,2,1,f,f,2018-07-17 10:57:17.072168,2018-07-17 10:57:17.072168
429,390,812,138,90,5,2,2,f,f,2018-07-17 10:57:17.074737,2018-07-17 10:57:17.074737
430,470,813,127,55,0,0,1,f,f,2018-07-17 10:57:17.084079,2018-07-17 10:57:17.084079
431,479,814,138,31,0,1,0,f,t,2018-07-17 10:57:17.096170,2018-07-17 10:57:17.096170
432,476,814,18,57,0,1,1,f,f,2018-07-17 10:57:17.097474,2018-07-17 10:57:17.097474
433,480,814,138,80,0,2,1,f,f,2018-07-17 10:57:17.100946,2018-07-17 10:57:17.100946
434,481,815,1,25,0,0,1,t,f,2018-07-17 10:57:17.116563,2018-07-17 10:57:17.116563
435,482,815,125,70,0,1,1,f,f,2018-07-17 10:57:17.119518,2018-07-17 10:57:17.119518
436,483,815,125,80,0,2,1,f,f,2018-07-17 10:57:17.122364,2018-07-17 10:57:17.122364
437,484,816,74,68,0,0,1,f,f,2018-07-17 10:57:17.134377,2018-07-17 10:57:17.134377
438,485,816,156,74,0,1,1,f,f,2018-07-17 10:57:17.139516,2018-07-17 10:57:17.139516
439,486,817,125,88,0,1,0,f,f,2018-07-17 10:57:17.151303,2018-07-17 10:57:17.151303
440,487,818,1,26,0,0,1,f,f,2018-07-17 10:57:17.170688,2018-07-17 10:57:17.170688
441,488,818,1,28,0,0,2,f,f,2018-07-17 10:57:17.175640,2018-07-17 10:57:17.175640
442,489,818,1,38,0,0,3,f,f,2018-07-17 10:57:17.178797,2018-07-17 10:57:17.178797
443,490,818,74,50,0,1,3,f,f,2018-07-17 10:57:17.181714,2018-07-17 10:57:17.181714
444,491,818,1,62,0,1,4,f,f,2018-07-17 10:57:17.184618,2018-07-17 10:57:17.184618
445,492,818,74,72,0,2,4,f,f,2018-07-17 10:57:17.187481,2018-07-17 10:57:17.187481
446,493,819,125,78,0,0,1,f,f,2018-07-17 10:57:17.197218,2018-07-17 10:57:17.197218
447,494,820,156,6,0,0,1,f,f,2018-07-17 10:57:17.211441,2018-07-17 10:57:17.211441
448,487,820,1,60,0,1,1,f,f,2018-07-17 10:57:17.212823,2018-07-17 10:57:17.212823
449,495,821,211,18,0,1,0,f,f,2018-07-17 10:57:17.228448,2018-07-17 10:57:17.228448
450,411,821,212,32,0,1,1,f,f,2018-07-17 10:57:17.229714,2018-07-17 10:57:17.229714
451,426,822,215,28,0,1,0,f,f,2018-07-17 10:57:17.240988,2018-07-17 10:57:17.240988
452,426,822,215,50,0,2,0,f,f,2018-07-17 10:57:17.242349,2018-07-17 10:57:17.242349
453,496,823,190,48,0,0,1,f,f,2018-07-17 10:57:17.252550,2018-07-17 10:57:17.252550
454,497,823,137,88,0,1,1,f,f,2018-07-17 10:57:17.255315,2018-07-17 10:57:17.255315
455,498,823,137,90,0,2,1,f,f,2018-07-17 10:57:17.258223,2018-07-17 10:57:17.258223
456,445,824,118,52,0,1,0,f,f,2018-07-17 10:57:17.268779,2018-07-17 10:57:17.268779
457,499,824,132,90,0,1,1,f,f,2018-07-17 10:57:17.273540,2018-07-17 10:57:17.273540
458,500,825,131,79,0,1,0,f,f,2018-07-17 10:57:17.282928,2018-07-17 10:57:17.282928
459,501,825,131,90,2,2,0,f,t,2018-07-17 10:57:17.285846,2018-07-17 10:57:17.285846
460,502,826,127,92,0,1,0,f,f,2018-07-17 10:57:17.295924,2018-07-17 10:57:17.295924
461,503,826,127,120,0,2,0,f,f,2018-07-17 10:57:17.300970,2018-07-17 10:57:17.300970
462,489,826,1,121,0,2,1,f,f,2018-07-17 10:57:17.303427,2018-07-17 10:57:17.303427
463,504,827,210,118,0,1,0,f,f,2018-07-17 10:57:17.313199,2018-07-17 10:57:17.313199
464,505,828,125,93,0,1,0,f,f,2018-07-17 10:57:17.323721,2018-07-17 10:57:17.323721
465,506,828,125,105,0,2,0,f,f,2018-07-17 10:57:17.326641,2018-07-17 10:57:17.326641
466,507,828,191,107,0,2,1,f,f,2018-07-17 10:57:17.330727,2018-07-17 10:57:17.330727
467,508,829,211,7,0,1,0,f,f,2018-07-17 10:57:17.344992,2018-07-17 10:57:17.344992
468,495,829,211,69,0,2,0,f,f,2018-07-17 10:57:17.346309,2018-07-17 10:57:17.346309
469,156,829,215,80,0,2,1,t,f,2018-07-17 10:57:17.347949,2018-07-17 10:57:17.347949
470,471,830,127,13,0,0,1,f,f,2018-07-17 10:57:17.355616,2018-07-17 10:57:17.355616
471,509,832,210,8,0,1,0,f,f,2018-07-17 10:57:17.372305,2018-07-17 10:57:17.372305
472,470,833,127,11,0,0,1,f,f,2018-07-17 10:57:17.389103,2018-07-17 10:57:17.389103
473,477,833,127,23,0,0,2,f,f,2018-07-17 10:57:17.390418,2018-07-17 10:57:17.390418
474,510,833,127,24,0,0,3,f,f,2018-07-17 10:57:17.393339,2018-07-17 10:57:17.393339
475,510,833,127,26,0,0,4,f,f,2018-07-17 10:57:17.395499,2018-07-17 10:57:17.395499
476,511,833,127,29,0,0,5,f,f,2018-07-17 10:57:17.400316,2018-07-17 10:57:17.400316
477,512,833,127,69,0,0,6,f,f,2018-07-17 10:57:17.404652,2018-07-17 10:57:17.404652
478,512,833,127,79,0,0,7,f,f,2018-07-17 10:57:17.406028,2018-07-17 10:57:17.406028
479,97,833,211,90,0,1,7,f,f,2018-07-17 10:57:17.407648,2018-07-17 10:57:17.407648
480,408,835,137,3,0,0,1,t,f,2018-07-17 10:57:17.421201,2018-07-17 10:57:17.421201
481,513,835,137,17,0,0,2,f,f,2018-07-17 10:57:17.424164,2018-07-17 10:57:17.424164
482,514,835,137,90,1,0,3,f,f,2018-07-17 10:57:17.427538,2018-07-17 10:57:17.427538
483,475,836,127,113,0,1,0,f,f,2018-07-17 10:57:17.438717,2018-07-17 10:57:17.438717
484,515,837,156,12,0,1,0,f,f,2018-07-17 10:57:17.618537,2018-07-17 10:57:17.618537
485,516,837,156,43,0,2,0,f,f,2018-07-17 10:57:17.622183,2018-07-17 10:57:17.622183
486,517,837,156,71,0,3,0,f,f,2018-07-17 10:57:17.626270,2018-07-17 10:57:17.626270
487,516,837,156,90,1,4,0,f,f,2018-07-17 10:57:17.627609,2018-07-17 10:57:17.627609
488,518,837,156,90,4,5,0,f,f,2018-07-17 10:57:17.630512,2018-07-17 10:57:17.630512
489,519,838,214,89,0,0,1,f,f,2018-07-17 10:57:17.644769,2018-07-17 10:57:17.644769
490,520,839,156,47,0,1,0,f,t,2018-07-17 10:57:17.657800,2018-07-17 10:57:17.657800
491,516,839,156,59,0,2,0,f,f,2018-07-17 10:57:17.659181,2018-07-17 10:57:17.659181
492,517,839,156,62,0,3,0,f,f,2018-07-17 10:57:17.660425,2018-07-17 10:57:17.660425
493,521,839,2,73,0,3,1,t,f,2018-07-17 10:57:17.663333,2018-07-17 10:57:17.663333
494,522,840,214,23,0,1,0,f,f,2018-07-17 10:57:17.676945,2018-07-17 10:57:17.676945
495,522,841,214,10,0,1,0,f,f,2018-07-17 10:57:17.687369,2018-07-17 10:57:17.687369
496,516,841,214,23,0,2,0,f,t,2018-07-17 10:57:17.688739,2018-07-17 10:57:17.688739
497,523,841,214,90,0,3,0,f,f,2018-07-17 10:57:17.691726,2018-07-17 10:57:17.691726
498,521,842,2,22,0,0,1,f,f,2018-07-17 10:57:17.702796,2018-07-17 10:57:17.702796
499,524,842,186,45,6,1,1,t,f,2018-07-17 10:57:17.708044,2018-07-17 10:57:17.708044
500,525,842,186,90,5,2,1,f,f,2018-07-17 10:57:17.711830,2018-07-17 10:57:17.711830
501,526,843,178,90,5,0,1,f,t,2018-07-17 10:57:17.722304,2018-07-17 10:57:17.722304
502,480,844,138,4,0,1,0,t,f,2018-07-17 10:57:17.737443,2018-07-17 10:57:17.737443
503,527,844,129,24,0,1,1,f,f,2018-07-17 10:57:17.744063,2018-07-17 10:57:17.744063
504,480,844,138,44,0,2,1,f,f,2018-07-17 10:57:17.745916,2018-07-17 10:57:17.745916
505,527,844,129,55,0,2,2,f,f,2018-07-17 10:57:17.747277,2018-07-17 10:57:17.747277
506,528,844,129,58,0,2,3,f,f,2018-07-17 10:57:17.750281,2018-07-17 10:57:17.750281
507,480,844,138,88,0,3,3,f,f,2018-07-17 10:57:17.752159,2018-07-17 10:57:17.752159
508,480,845,138,4,0,1,0,f,f,2018-07-17 10:57:17.761133,2018-07-17 10:57:17.761133
509,529,846,129,54,0,0,1,f,f,2018-07-17 10:57:17.777285,2018-07-17 10:57:17.777285
510,530,847,138,45,0,0,1,f,f,2018-07-17 10:57:17.788413,2018-07-17 10:57:17.788413
511,531,847,178,90,3,1,1,t,f,2018-07-17 10:57:17.791354,2018-07-17 10:57:17.791354
512,532,848,3,14,0,0,1,f,f,2018-07-17 10:57:17.810105,2018-07-17 10:57:17.810105
513,57,848,129,19,0,1,1,f,f,2018-07-17 10:57:17.812922,2018-07-17 10:57:17.812922
514,533,848,3,81,0,1,2,f,f,2018-07-17 10:57:17.821352,2018-07-17 10:57:17.821352
515,534,848,129,90,1,2,2,f,f,2018-07-17 10:57:17.826598,2018-07-17 10:57:17.826598
516,535,849,131,58,0,1,0,t,f,2018-07-17 10:57:17.850700,2018-07-17 10:57:17.850700
517,418,849,193,62,0,1,1,t,f,2018-07-17 10:57:17.853644,2018-07-17 10:57:17.853644
518,536,849,131,81,0,2,1,f,t,2018-07-17 10:57:17.857361,2018-07-17 10:57:17.857361
519,537,850,142,59,0,0,1,f,f,2018-07-17 10:57:17.869538,2018-07-17 10:57:17.869538
520,538,851,142,7,0,1,0,f,f,2018-07-17 10:57:17.881067,2018-07-17 10:57:17.881067
521,418,851,193,38,0,1,1,t,f,2018-07-17 10:57:17.882887,2018-07-17 10:57:17.882887
522,539,852,131,34,0,1,0,f,f,2018-07-17 10:57:17.892735,2018-07-17 10:57:17.892735
523,540,854,217,18,0,0,1,f,f,2018-07-17 10:57:17.911321,2018-07-17 10:57:17.911321
524,541,854,217,50,0,0,2,f,f,2018-07-17 10:57:17.914190,2018-07-17 10:57:17.914190
525,542,855,210,19,0,1,0,f,f,2018-07-17 10:57:17.924643,2018-07-17 10:57:17.924643
526,543,855,161,23,0,1,1,f,f,2018-07-17 10:57:17.927458,2018-07-17 10:57:17.927458
527,544,856,154,32,0,1,0,f,t,2018-07-17 10:57:17.941378,2018-07-17 10:57:17.941378
528,545,856,154,71,0,2,0,t,f,2018-07-17 10:57:17.944287,2018-07-17 10:57:17.944287
529,546,857,154,53,0,0,1,f,f,2018-07-17 10:57:17.955122,2018-07-17 10:57:17.955122
530,545,857,154,80,0,0,2,f,f,2018-07-17 10:57:17.956446,2018-07-17 10:57:17.956446
531,547,857,154,90,1,0,3,f,f,2018-07-17 10:57:17.959340,2018-07-17 10:57:17.959340
532,464,858,20,49,0,1,0,f,f,2018-07-17 10:57:17.971962,2018-07-17 10:57:17.971962
533,464,858,20,75,0,2,0,f,f,2018-07-17 10:57:17.973699,2018-07-17 10:57:17.973699
534,461,859,210,14,0,0,1,f,f,2018-07-17 10:57:17.983422,2018-07-17 10:57:17.983422
535,548,859,20,51,0,1,1,t,f,2018-07-17 10:57:17.986309,2018-07-17 10:57:17.986309
536,465,859,210,86,0,1,2,f,f,2018-07-17 10:57:17.987618,2018-07-17 10:57:17.987618
537,549,860,154,53,0,0,1,f,f,2018-07-17 10:57:18.000956,2018-07-17 10:57:18.000956
538,550,860,161,76,0,1,1,t,f,2018-07-17 10:57:18.005169,2018-07-17 10:57:18.005169
539,400,860,154,90,0,1,2,f,f,2018-07-17 10:57:18.006955,2018-07-17 10:57:18.006955
540,551,861,155,56,0,0,1,f,f,2018-07-17 10:57:18.017032,2018-07-17 10:57:18.017032
541,552,862,211,20,0,1,0,f,f,2018-07-17 10:57:18.027674,2018-07-17 10:57:18.027674
542,553,862,153,50,0,1,1,f,f,2018-07-17 10:57:18.032947,2018-07-17 10:57:18.032947
543,554,864,155,5,0,1,0,f,f,2018-07-17 10:57:18.054954,2018-07-17 10:57:18.054954
544,457,864,153,52,0,1,1,f,f,2018-07-17 10:57:18.056649,2018-07-17 10:57:18.056649
545,459,864,153,90,0,1,2,f,f,2018-07-17 10:57:18.058337,2018-07-17 10:57:18.058337
546,555,865,211,36,0,0,1,f,f,2018-07-17 10:57:18.073288,2018-07-17 10:57:18.073288
547,508,865,211,68,0,0,2,f,f,2018-07-17 10:57:18.074692,2018-07-17 10:57:18.074692
548,456,866,153,31,0,1,0,f,f,2018-07-17 10:57:18.085727,2018-07-17 10:57:18.085727
549,556,866,118,56,0,1,1,f,f,2018-07-17 10:57:18.088761,2018-07-17 10:57:18.088761
550,557,866,153,88,0,2,1,f,f,2018-07-17 10:57:18.092150,2018-07-17 10:57:18.092150
551,558,866,118,90,3,2,2,f,t,2018-07-17 10:57:18.097226,2018-07-17 10:57:18.097226
552,559,867,190,35,0,0,1,f,f,2018-07-17 10:57:18.109508,2018-07-17 10:57:18.109508
553,560,868,147,65,0,1,0,t,f,2018-07-17 10:57:18.119877,2018-07-17 10:57:18.119877
554,561,869,190,26,0,0,1,t,f,2018-07-17 10:57:18.135003,2018-07-17 10:57:18.135003
555,562,869,190,66,0,0,2,f,f,2018-07-17 10:57:18.138010,2018-07-17 10:57:18.138010
556,563,869,74,90,3,1,2,f,f,2018-07-17 10:57:18.140895,2018-07-17 10:57:18.140895
557,564,870,147,32,0,0,1,f,f,2018-07-17 10:57:18.152677,2018-07-17 10:57:18.152677
558,565,870,127,48,0,1,1,f,f,2018-07-17 10:57:18.155711,2018-07-17 10:57:18.155711
559,510,870,127,90,5,2,1,f,f,2018-07-17 10:57:18.158327,2018-07-17 10:57:18.158327
560,566,871,74,90,2,1,0,f,f,2018-07-17 10:57:18.172092,2018-07-17 10:57:18.172092
561,563,871,74,90,6,2,0,f,f,2018-07-17 10:57:18.173475,2018-07-17 10:57:18.173475
562,567,872,147,50,0,0,1,f,f,2018-07-17 10:57:18.185321,2018-07-17 10:57:18.185321
563,560,872,147,62,0,0,2,t,f,2018-07-17 10:57:18.186637,2018-07-17 10:57:18.186637
564,568,872,147,74,0,0,3,f,t,2018-07-17 10:57:18.190083,2018-07-17 10:57:18.190083
565,483,873,125,47,0,1,0,f,f,2018-07-17 10:57:18.204289,2018-07-17 10:57:18.204289
566,506,873,125,69,0,2,0,f,f,2018-07-17 10:57:18.206089,2018-07-17 10:57:18.206089
567,506,873,125,75,0,3,0,f,f,2018-07-17 10:57:18.207820,2018-07-17 10:57:18.207820
568,569,874,170,11,0,0,1,f,f,2018-07-17 10:57:18.219436,2018-07-17 10:57:18.219436
569,570,874,5,35,0,1,1,t,f,2018-07-17 10:57:18.222836,2018-07-17 10:57:18.222836
570,569,874,170,90,1,1,2,f,f,2018-07-17 10:57:18.224890,2018-07-17 10:57:18.224890
571,571,875,125,6,0,1,0,t,f,2018-07-17 10:57:18.242109,2018-07-17 10:57:18.242109
572,572,875,125,16,0,2,0,f,f,2018-07-17 10:57:18.245375,2018-07-17 10:57:18.245375
573,573,875,5,18,0,2,1,f,f,2018-07-17 10:57:18.248344,2018-07-17 10:57:18.248344
574,572,875,125,45,3,3,1,f,f,2018-07-17 10:57:18.249677,2018-07-17 10:57:18.249677
575,571,875,125,51,0,4,1,f,f,2018-07-17 10:57:18.250979,2018-07-17 10:57:18.250979
576,574,875,125,90,0,5,1,f,f,2018-07-17 10:57:18.253752,2018-07-17 10:57:18.253752
577,575,875,5,90,3,5,2,f,f,2018-07-17 10:57:18.257980,2018-07-17 10:57:18.257980
578,576,876,170,8,0,1,0,f,f,2018-07-17 10:57:18.277350,2018-07-17 10:57:18.277350
579,569,876,170,22,0,2,0,t,f,2018-07-17 10:57:18.278630,2018-07-17 10:57:18.278630
580,577,876,170,36,0,3,0,f,f,2018-07-17 10:57:18.281604,2018-07-17 10:57:18.281604
581,576,876,170,40,0,4,0,f,f,2018-07-17 10:57:18.282931,2018-07-17 10:57:18.282931
582,569,876,170,45,1,5,0,t,f,2018-07-17 10:57:18.284207,2018-07-17 10:57:18.284207
583,569,876,170,62,0,6,0,f,f,2018-07-17 10:57:18.285446,2018-07-17 10:57:18.285446
584,578,876,120,78,0,6,1,f,f,2018-07-17 10:57:18.289132,2018-07-17 10:57:18.289132
585,579,877,125,51,0,0,1,f,f,2018-07-17 10:57:18.302332,2018-07-17 10:57:18.302332
586,580,878,120,33,0,1,0,f,t,2018-07-17 10:57:18.313261,2018-07-17 10:57:18.313261
587,581,878,5,51,0,1,1,f,f,2018-07-17 10:57:18.316077,2018-07-17 10:57:18.316077
588,582,878,5,66,0,1,2,f,f,2018-07-17 10:57:18.318920,2018-07-17 10:57:18.318920
589,583,879,72,6,0,0,1,t,f,2018-07-17 10:57:18.334768,2018-07-17 10:57:18.334768
590,584,879,215,39,0,1,1,f,f,2018-07-17 10:57:18.337768,2018-07-17 10:57:18.337768
591,585,879,72,73,0,1,2,f,f,2018-07-17 10:57:18.340660,2018-07-17 10:57:18.340660
592,586,880,13,37,0,0,1,f,t,2018-07-17 10:57:18.352893,2018-07-17 10:57:18.352893
593,587,880,13,60,0,0,2,f,f,2018-07-17 10:57:18.358084,2018-07-17 10:57:18.358084
594,588,880,145,86,0,1,2,f,f,2018-07-17 10:57:18.362573,2018-07-17 10:57:18.362573
595,589,881,13,11,0,0,1,f,f,2018-07-17 10:57:18.375244,2018-07-17 10:57:18.375244
596,590,881,72,34,0,1,1,f,f,2018-07-17 10:57:18.378203,2018-07-17 10:57:18.378203
597,591,881,13,71,0,1,2,f,f,2018-07-17 10:57:18.381173,2018-07-17 10:57:18.381173
598,427,881,72,78,0,2,2,f,f,2018-07-17 10:57:18.382908,2018-07-17 10:57:18.382908
599,592,882,215,40,0,0,1,f,f,2018-07-17 10:57:18.398552,2018-07-17 10:57:18.398552
600,593,882,215,70,0,0,2,f,f,2018-07-17 10:57:18.401565,2018-07-17 10:57:18.401565
601,431,882,215,75,0,0,3,f,f,2018-07-17 10:57:18.403374,2018-07-17 10:57:18.403374
602,594,883,145,59,0,0,1,f,f,2018-07-17 10:57:18.413570,2018-07-17 10:57:18.413570
603,592,884,215,74,0,0,1,f,f,2018-07-17 10:57:18.425162,2018-07-17 10:57:18.425162
604,436,885,214,7,0,1,0,f,f,2018-07-17 10:57:18.440614,2018-07-17 10:57:18.440614
605,595,885,138,55,0,1,1,f,f,2018-07-17 10:57:18.443616,2018-07-17 10:57:18.443616
606,436,885,214,62,0,2,1,f,f,2018-07-17 10:57:18.444904,2018-07-17 10:57:18.444904
607,596,886,131,13,0,1,0,t,f,2018-07-17 10:57:18.461323,2018-07-17 10:57:18.461323
608,504,886,210,41,0,1,1,f,f,2018-07-17 10:57:18.463355,2018-07-17 10:57:18.463355
609,597,886,210,48,0,1,2,f,f,2018-07-17 10:57:18.466375,2018-07-17 10:57:18.466375
610,598,886,131,57,0,2,2,f,f,2018-07-17 10:57:18.469296,2018-07-17 10:57:18.469296
611,599,886,131,64,0,3,2,f,f,2018-07-17 10:57:18.472349,2018-07-17 10:57:18.472349
612,599,886,131,68,0,4,2,f,f,2018-07-17 10:57:18.473695,2018-07-17 10:57:18.473695
613,600,886,210,90,3,4,3,f,f,2018-07-17 10:57:18.476645,2018-07-17 10:57:18.476645
614,601,887,129,12,0,1,0,f,t,2018-07-17 10:57:18.489273,2018-07-17 10:57:18.489273
615,602,887,156,41,0,1,1,t,f,2018-07-17 10:57:18.494049,2018-07-17 10:57:18.494049
616,603,888,142,1,0,0,1,f,f,2018-07-17 10:57:18.507450,2018-07-17 10:57:18.507450
617,401,888,154,4,0,1,1,f,f,2018-07-17 10:57:18.508765,2018-07-17 10:57:18.508765
618,397,889,211,51,0,1,0,f,f,2018-07-17 10:57:18.517994,2018-07-17 10:57:18.517994
619,604,889,211,88,0,2,0,f,f,2018-07-17 10:57:18.523721,2018-07-17 10:57:18.523721
620,605,890,72,48,0,0,1,f,f,2018-07-17 10:57:18.536435,2018-07-17 10:57:18.536435
621,606,890,72,52,0,0,2,f,f,2018-07-17 10:57:18.539471,2018-07-17 10:57:18.539471
622,493,890,125,69,0,1,2,f,f,2018-07-17 10:57:18.540847,2018-07-17 10:57:18.540847
623,482,890,125,74,0,2,2,f,f,2018-07-17 10:57:18.542215,2018-07-17 10:57:18.542215
624,607,890,125,90,4,3,2,f,f,2018-07-17 10:57:18.545189,2018-07-17 10:57:18.545189
625,608,891,147,66,0,1,0,f,f,2018-07-17 10:57:18.558007,2018-07-17 10:57:18.558007
626,609,892,170,57,0,0,1,t,f,2018-07-17 10:57:18.568329,2018-07-17 10:57:18.568329
627,610,892,215,90,3,1,1,f,f,2018-07-17 10:57:18.571280,2018-07-17 10:57:18.571280
628,611,893,131,40,0,0,1,f,f,2018-07-17 10:57:18.583167,2018-07-17 10:57:18.583167
629,596,893,131,61,0,0,2,f,f,2018-07-17 10:57:18.585271,2018-07-17 10:57:18.585271
630,403,894,125,13,0,0,1,f,t,2018-07-17 10:57:18.596830,2018-07-17 10:57:18.596830
631,505,894,125,31,0,0,2,f,f,2018-07-17 10:57:18.598300,2018-07-17 10:57:18.598300
632,612,894,211,76,0,1,2,f,f,2018-07-17 10:57:18.601250,2018-07-17 10:57:18.601250
633,613,895,156,31,0,1,0,f,f,2018-07-17 10:57:18.612681,2018-07-17 10:57:18.612681
634,614,895,154,39,0,1,1,f,f,2018-07-17 10:57:18.616730,2018-07-17 10:57:18.616730
635,615,895,154,100,0,1,2,f,f,2018-07-17 10:57:18.622235,2018-07-17 10:57:18.622235
636,616,895,156,115,0,2,2,f,f,2018-07-17 10:57:18.626315,2018-07-17 10:57:18.626315
637,617,896,170,30,0,0,1,f,f,2018-07-17 10:57:18.636131,2018-07-17 10:57:18.636131
638,618,896,170,58,0,0,2,f,f,2018-07-17 10:57:18.639037,2018-07-17 10:57:18.639037
639,619,897,131,51,0,1,0,f,f,2018-07-17 10:57:18.649731,2018-07-17 10:57:18.649731
640,620,898,170,5,0,0,1,f,f,2018-07-17 10:57:18.663086,2018-07-17 10:57:18.663086
641,400,898,154,68,0,1,1,f,f,2018-07-17 10:57:18.664365,2018-07-17 10:57:18.664365
642,401,898,154,109,0,2,1,f,f,2018-07-17 10:57:18.665681,2018-07-17 10:57:18.665681
643,621,899,125,4,0,1,0,f,f,2018-07-17 10:57:18.676588,2018-07-17 10:57:18.676588
644,622,899,125,82,0,2,0,f,f,2018-07-17 10:57:18.680073,2018-07-17 10:57:18.680073
645,401,900,131,18,0,1,0,f,t,2018-07-17 10:57:18.695849,2018-07-17 10:57:18.695849
646,400,900,154,28,0,1,1,f,f,2018-07-17 10:57:18.697742,2018-07-17 10:57:18.697742
647,535,900,131,38,0,2,1,t,f,2018-07-17 10:57:18.699254,2018-07-17 10:57:18.699254
648,500,900,131,59,0,3,1,f,f,2018-07-17 10:57:18.701095,2018-07-17 10:57:18.701095
649,539,900,131,65,0,4,1,f,f,2018-07-17 10:57:18.702532,2018-07-17 10:57:18.702532
650,401,900,154,69,0,4,2,f,f,2018-07-17 10:57:18.704256,2018-07-17 10:57:18.704256
