id,group_id,team_id,created_at,updated_at
1,1,210,2018-07-17 10:56:56.373001,2018-07-17 10:56:56.373001
2,1,212,2018-07-17 10:56:56.374456,2018-07-17 10:56:56.374456
3,1,131,2018-07-17 10:56:56.375628,2018-07-17 10:56:56.375628
4,1,190,2018-07-17 10:56:56.376849,2018-07-17 10:56:56.376849
5,2,227,2018-07-17 10:56:56.383430,2018-07-17 10:56:56.383430
6,2,211,2018-07-17 10:56:56.385488,2018-07-17 10:56:56.385488
7,2,219,2018-07-17 10:56:56.387124,2018-07-17 10:56:56.387124
8,3,214,2018-07-17 10:56:56.391016,2018-07-17 10:56:56.391016
9,3,146,2018-07-17 10:56:56.392219,2018-07-17 10:56:56.392219
10,3,217,2018-07-17 10:56:56.393355,2018-07-17 10:56:56.393355
11,4,191,2018-07-17 10:56:56.397029,2018-07-17 10:56:56.397029
12,4,213,2018-07-17 10:56:56.398348,2018-07-17 10:56:56.398348
13,4,125,2018-07-17 10:56:56.399536,2018-07-17 10:56:56.399536
14,5,211,2018-07-17 10:56:58.184210,2018-07-17 10:56:58.184210
15,5,190,2018-07-17 10:56:58.185475,2018-07-17 10:56:58.185475
16,5,153,2018-07-17 10:56:58.186709,2018-07-17 10:56:58.186709
17,5,227,2018-07-17 10:56:58.187936,2018-07-17 10:56:58.187936
18,6,170,2018-07-17 10:56:58.192083,2018-07-17 10:56:58.192083
19,6,212,2018-07-17 10:56:58.193315,2018-07-17 10:56:58.193315
20,6,129,2018-07-17 10:56:58.194564,2018-07-17 10:56:58.194564
21,6,191,2018-07-17 10:56:58.195795,2018-07-17 10:56:58.195795
22,7,134,2018-07-17 10:56:58.201068,2018-07-17 10:56:58.201068
23,7,213,2018-07-17 10:56:58.203432,2018-07-17 10:56:58.203432
24,7,147,2018-07-17 10:56:58.205683,2018-07-17 10:56:58.205683
25,8,214,2018-07-17 10:56:58.210446,2018-07-17 10:56:58.210446
26,8,219,2018-07-17 10:56:58.211760,2018-07-17 10:56:58.211760
27,9,214,2018-07-17 10:56:58.647251,2018-07-17 10:56:58.647251
28,9,211,2018-07-17 10:56:58.648618,2018-07-17 10:56:58.648618
29,9,147,2018-07-17 10:56:58.649853,2018-07-17 10:56:58.649853
30,9,129,2018-07-17 10:56:58.651072,2018-07-17 10:56:58.651072
31,10,211,2018-07-17 10:56:58.815003,2018-07-17 10:56:58.815003
32,10,227,2018-07-17 10:56:58.816306,2018-07-17 10:56:58.816306
33,10,131,2018-07-17 10:56:58.817518,2018-07-17 10:56:58.817518
34,10,190,2018-07-17 10:56:58.818687,2018-07-17 10:56:58.818687
35,11,149,2018-07-17 10:56:58.822989,2018-07-17 10:56:58.822989
36,11,224,2018-07-17 10:56:58.824997,2018-07-17 10:56:58.824997
37,11,157,2018-07-17 10:56:58.827020,2018-07-17 10:56:58.827020
38,11,74,2018-07-17 10:56:58.829367,2018-07-17 10:56:58.829367
39,12,214,2018-07-17 10:56:58.835272,2018-07-17 10:56:58.835272
40,12,124,2018-07-17 10:56:58.836602,2018-07-17 10:56:58.836602
41,12,223,2018-07-17 10:56:58.837818,2018-07-17 10:56:58.837818
42,12,171,2018-07-17 10:56:58.839017,2018-07-17 10:56:58.839017
43,13,170,2018-07-17 10:56:58.843252,2018-07-17 10:56:58.843252
44,13,153,2018-07-17 10:56:58.844454,2018-07-17 10:56:58.844454
45,13,134,2018-07-17 10:56:58.845632,2018-07-17 10:56:58.845632
46,13,125,2018-07-17 10:56:58.846797,2018-07-17 10:56:58.846797
47,14,224,2018-07-17 10:56:59.125303,2018-07-17 10:56:59.125303
48,14,173,2018-07-17 10:56:59.127295,2018-07-17 10:56:59.127295
49,14,223,2018-07-17 10:56:59.128525,2018-07-17 10:56:59.128525
50,14,210,2018-07-17 10:56:59.129733,2018-07-17 10:56:59.129733
51,15,131,2018-07-17 10:56:59.134265,2018-07-17 10:56:59.134265
52,15,227,2018-07-17 10:56:59.135497,2018-07-17 10:56:59.135497
53,15,213,2018-07-17 10:56:59.136698,2018-07-17 10:56:59.136698
54,15,171,2018-07-17 10:56:59.137914,2018-07-17 10:56:59.137914
55,16,147,2018-07-17 10:56:59.142427,2018-07-17 10:56:59.142427
56,16,172,2018-07-17 10:56:59.143709,2018-07-17 10:56:59.143709
57,16,149,2018-07-17 10:56:59.144932,2018-07-17 10:56:59.144932
58,16,190,2018-07-17 10:56:59.146098,2018-07-17 10:56:59.146098
59,17,211,2018-07-17 10:56:59.151852,2018-07-17 10:56:59.151852
60,17,226,2018-07-17 10:56:59.154517,2018-07-17 10:56:59.154517
61,17,170,2018-07-17 10:56:59.156897,2018-07-17 10:56:59.156897
62,17,124,2018-07-17 10:56:59.158843,2018-07-17 10:56:59.158843
63,18,226,2018-07-17 10:56:59.522461,2018-07-17 10:56:59.522461
64,18,227,2018-07-17 10:56:59.523709,2018-07-17 10:56:59.523709
65,18,214,2018-07-17 10:56:59.524962,2018-07-17 10:56:59.524962
66,18,215,2018-07-17 10:56:59.526200,2018-07-17 10:56:59.526200
67,19,224,2018-07-17 10:56:59.530589,2018-07-17 10:56:59.530589
68,19,212,2018-07-17 10:56:59.531952,2018-07-17 10:56:59.531952
69,19,134,2018-07-17 10:56:59.533271,2018-07-17 10:56:59.533271
70,19,153,2018-07-17 10:56:59.534595,2018-07-17 10:56:59.534595
71,20,211,2018-07-17 10:56:59.539132,2018-07-17 10:56:59.539132
72,20,223,2018-07-17 10:56:59.540378,2018-07-17 10:56:59.540378
73,20,190,2018-07-17 10:56:59.541776,2018-07-17 10:56:59.541776
74,20,129,2018-07-17 10:56:59.543835,2018-07-17 10:56:59.543835
75,21,149,2018-07-17 10:56:59.551148,2018-07-17 10:56:59.551148
76,21,170,2018-07-17 10:56:59.552789,2018-07-17 10:56:59.552789
77,21,210,2018-07-17 10:56:59.553990,2018-07-17 10:56:59.553990
78,21,141,2018-07-17 10:56:59.555234,2018-07-17 10:56:59.555234
79,22,170,2018-07-17 10:57:00.011630,2018-07-17 10:57:00.011630
80,22,214,2018-07-17 10:57:00.012968,2018-07-17 10:57:00.012968
81,22,190,2018-07-17 10:57:00.014155,2018-07-17 10:57:00.014155
82,22,131,2018-07-17 10:57:00.015594,2018-07-17 10:57:00.015594
83,23,224,2018-07-17 10:57:00.019787,2018-07-17 10:57:00.019787
84,23,210,2018-07-17 10:57:00.021135,2018-07-17 10:57:00.021135
85,23,129,2018-07-17 10:57:00.022425,2018-07-17 10:57:00.022425
86,23,153,2018-07-17 10:57:00.023641,2018-07-17 10:57:00.023641
87,24,138,2018-07-17 10:57:00.031368,2018-07-17 10:57:00.031368
88,24,149,2018-07-17 10:57:00.032549,2018-07-17 10:57:00.032549
89,24,211,2018-07-17 10:57:00.034236,2018-07-17 10:57:00.034236
90,24,141,2018-07-17 10:57:00.036152,2018-07-17 10:57:00.036152
91,25,226,2018-07-17 10:57:00.043295,2018-07-17 10:57:00.043295
92,25,73,2018-07-17 10:57:00.044745,2018-07-17 10:57:00.044745
93,25,134,2018-07-17 10:57:00.045977,2018-07-17 10:57:00.045977
94,25,212,2018-07-17 10:57:00.047227,2018-07-17 10:57:00.047227
95,26,226,2018-07-17 10:57:00.571874,2018-07-17 10:57:00.571874
96,26,190,2018-07-17 10:57:00.573921,2018-07-17 10:57:00.573921
97,26,125,2018-07-17 10:57:00.575185,2018-07-17 10:57:00.575185
98,26,119,2018-07-17 10:57:00.576381,2018-07-17 10:57:00.576381
99,27,134,2018-07-17 10:57:00.581085,2018-07-17 10:57:00.581085
100,27,214,2018-07-17 10:57:00.582535,2018-07-17 10:57:00.582535
101,27,147,2018-07-17 10:57:00.583733,2018-07-17 10:57:00.583733
102,27,176,2018-07-17 10:57:00.584949,2018-07-17 10:57:00.584949
103,28,211,2018-07-17 10:57:00.589145,2018-07-17 10:57:00.589145
104,28,170,2018-07-17 10:57:00.590379,2018-07-17 10:57:00.590379
105,28,146,2018-07-17 10:57:00.591580,2018-07-17 10:57:00.591580
106,28,223,2018-07-17 10:57:00.592734,2018-07-17 10:57:00.592734
107,29,224,2018-07-17 10:57:00.597985,2018-07-17 10:57:00.597985
108,29,217,2018-07-17 10:57:00.600290,2018-07-17 10:57:00.600290
109,29,141,2018-07-17 10:57:00.602568,2018-07-17 10:57:00.602568
110,29,3,2018-07-17 10:57:00.604469,2018-07-17 10:57:00.604469
111,30,225,2018-07-17 10:57:01.179753,2018-07-17 10:57:01.179753
112,30,224,2018-07-17 10:57:01.181757,2018-07-17 10:57:01.181757
113,30,212,2018-07-17 10:57:01.183079,2018-07-17 10:57:01.183079
114,30,193,2018-07-17 10:57:01.184312,2018-07-17 10:57:01.184312
115,31,227,2018-07-17 10:57:01.188626,2018-07-17 10:57:01.188626
116,31,211,2018-07-17 10:57:01.189849,2018-07-17 10:57:01.189849
117,31,171,2018-07-17 10:57:01.191041,2018-07-17 10:57:01.191041
118,31,229,2018-07-17 10:57:01.192199,2018-07-17 10:57:01.192199
119,32,137,2018-07-17 10:57:01.196455,2018-07-17 10:57:01.196455
120,32,147,2018-07-17 10:57:01.197677,2018-07-17 10:57:01.197677
121,32,141,2018-07-17 10:57:01.199052,2018-07-17 10:57:01.199052
122,32,214,2018-07-17 10:57:01.200317,2018-07-17 10:57:01.200317
123,33,145,2018-07-17 10:57:01.205554,2018-07-17 10:57:01.205554
124,33,210,2018-07-17 10:57:01.207710,2018-07-17 10:57:01.207710
125,33,134,2018-07-17 10:57:01.210288,2018-07-17 10:57:01.210288
126,33,102,2018-07-17 10:57:01.212833,2018-07-17 10:57:01.212833
127,34,137,2018-07-17 10:57:01.722502,2018-07-17 10:57:01.722502
128,34,211,2018-07-17 10:57:01.723769,2018-07-17 10:57:01.723769
129,34,225,2018-07-17 10:57:01.724988,2018-07-17 10:57:01.724988
130,34,210,2018-07-17 10:57:01.726271,2018-07-17 10:57:01.726271
131,35,224,2018-07-17 10:57:01.730909,2018-07-17 10:57:01.730909
132,35,145,2018-07-17 10:57:01.732519,2018-07-17 10:57:01.732519
133,35,147,2018-07-17 10:57:01.734472,2018-07-17 10:57:01.734472
134,35,227,2018-07-17 10:57:01.736387,2018-07-17 10:57:01.736387
135,36,134,2018-07-17 10:57:02.059667,2018-07-17 10:57:02.059667
136,36,210,2018-07-17 10:57:02.060911,2018-07-17 10:57:02.060911
137,36,131,2018-07-17 10:57:02.062330,2018-07-17 10:57:02.062330
138,36,149,2018-07-17 10:57:02.064291,2018-07-17 10:57:02.064291
139,37,145,2018-07-17 10:57:02.071416,2018-07-17 10:57:02.071416
140,37,224,2018-07-17 10:57:02.073114,2018-07-17 10:57:02.073114
141,37,5,2018-07-17 10:57:02.074365,2018-07-17 10:57:02.074365
142,37,190,2018-07-17 10:57:02.075582,2018-07-17 10:57:02.075582
143,38,124,2018-07-17 10:57:02.079752,2018-07-17 10:57:02.079752
144,38,211,2018-07-17 10:57:02.081015,2018-07-17 10:57:02.081015
145,38,129,2018-07-17 10:57:02.082321,2018-07-17 10:57:02.082321
146,38,147,2018-07-17 10:57:02.083538,2018-07-17 10:57:02.083538
147,39,217,2018-07-17 10:57:02.087761,2018-07-17 10:57:02.087761
148,39,137,2018-07-17 10:57:02.089002,2018-07-17 10:57:02.089002
149,39,171,2018-07-17 10:57:02.090215,2018-07-17 10:57:02.090215
150,39,178,2018-07-17 10:57:02.091470,2018-07-17 10:57:02.091470
151,40,137,2018-07-17 10:57:02.682411,2018-07-17 10:57:02.682411
152,40,134,2018-07-17 10:57:02.683686,2018-07-17 10:57:02.683686
153,40,224,2018-07-17 10:57:02.684884,2018-07-17 10:57:02.684884
154,40,124,2018-07-17 10:57:02.686077,2018-07-17 10:57:02.686077
155,41,210,2018-07-17 10:57:02.691566,2018-07-17 10:57:02.691566
156,41,211,2018-07-17 10:57:02.694034,2018-07-17 10:57:02.694034
157,41,145,2018-07-17 10:57:02.696206,2018-07-17 10:57:02.696206
158,41,217,2018-07-17 10:57:02.697992,2018-07-17 10:57:02.697992
159,42,145,2018-07-17 10:57:02.990690,2018-07-17 10:57:02.990690
160,42,134,2018-07-17 10:57:02.991939,2018-07-17 10:57:02.991939
161,42,22,2018-07-17 10:57:02.993103,2018-07-17 10:57:02.993103
162,42,217,2018-07-17 10:57:02.994300,2018-07-17 10:57:02.994300
163,43,224,2018-07-17 10:57:03.000542,2018-07-17 10:57:03.000542
164,43,124,2018-07-17 10:57:03.002114,2018-07-17 10:57:03.002114
165,43,1,2018-07-17 10:57:03.003331,2018-07-17 10:57:03.003331
166,43,212,2018-07-17 10:57:03.004511,2018-07-17 10:57:03.004511
167,44,125,2018-07-17 10:57:03.008957,2018-07-17 10:57:03.008957
168,44,210,2018-07-17 10:57:03.010216,2018-07-17 10:57:03.010216
169,44,149,2018-07-17 10:57:03.011612,2018-07-17 10:57:03.011612
170,44,119,2018-07-17 10:57:03.013428,2018-07-17 10:57:03.013428
171,45,170,2018-07-17 10:57:03.021016,2018-07-17 10:57:03.021016
172,45,131,2018-07-17 10:57:03.022443,2018-07-17 10:57:03.022443
173,45,223,2018-07-17 10:57:03.023677,2018-07-17 10:57:03.023677
174,45,181,2018-07-17 10:57:03.024852,2018-07-17 10:57:03.024852
175,46,173,2018-07-17 10:57:03.029377,2018-07-17 10:57:03.029377
176,46,129,2018-07-17 10:57:03.030623,2018-07-17 10:57:03.030623
177,46,227,2018-07-17 10:57:03.031934,2018-07-17 10:57:03.031934
178,46,117,2018-07-17 10:57:03.033161,2018-07-17 10:57:03.033161
179,47,211,2018-07-17 10:57:03.037690,2018-07-17 10:57:03.037690
180,47,226,2018-07-17 10:57:03.038962,2018-07-17 10:57:03.038962
181,47,171,2018-07-17 10:57:03.040164,2018-07-17 10:57:03.040164
182,47,200,2018-07-17 10:57:03.041350,2018-07-17 10:57:03.041350
183,48,145,2018-07-17 10:57:04.228315,2018-07-17 10:57:04.228315
184,48,226,2018-07-17 10:57:04.229577,2018-07-17 10:57:04.229577
185,48,125,2018-07-17 10:57:04.230872,2018-07-17 10:57:04.230872
186,49,224,2018-07-17 10:57:04.235523,2018-07-17 10:57:04.235523
187,49,170,2018-07-17 10:57:04.236965,2018-07-17 10:57:04.236965
188,49,129,2018-07-17 10:57:04.238201,2018-07-17 10:57:04.238201
189,50,134,2018-07-17 10:57:04.242930,2018-07-17 10:57:04.242930
190,50,211,2018-07-17 10:57:04.244984,2018-07-17 10:57:04.244984
191,50,210,2018-07-17 10:57:04.246908,2018-07-17 10:57:04.246908
192,51,131,2018-07-17 10:57:04.253893,2018-07-17 10:57:04.253893
193,51,124,2018-07-17 10:57:04.255218,2018-07-17 10:57:04.255218
194,51,173,2018-07-17 10:57:04.256492,2018-07-17 10:57:04.256492
195,52,210,2018-07-17 10:57:04.903355,2018-07-17 10:57:04.903355
196,52,134,2018-07-17 10:57:04.904586,2018-07-17 10:57:04.904586
197,52,141,2018-07-17 10:57:04.905754,2018-07-17 10:57:04.905754
198,52,74,2018-07-17 10:57:04.906933,2018-07-17 10:57:04.906933
199,53,190,2018-07-17 10:57:04.911405,2018-07-17 10:57:04.911405
200,53,213,2018-07-17 10:57:04.912652,2018-07-17 10:57:04.912652
201,53,125,2018-07-17 10:57:04.914484,2018-07-17 10:57:04.914484
202,53,179,2018-07-17 10:57:04.916280,2018-07-17 10:57:04.916280
203,54,226,2018-07-17 10:57:04.923505,2018-07-17 10:57:04.923505
204,54,131,2018-07-17 10:57:04.924805,2018-07-17 10:57:04.924805
205,54,149,2018-07-17 10:57:04.926011,2018-07-17 10:57:04.926011
206,54,192,2018-07-17 10:57:04.927200,2018-07-17 10:57:04.927200
207,55,211,2018-07-17 10:57:04.931686,2018-07-17 10:57:04.931686
208,55,129,2018-07-17 10:57:04.932970,2018-07-17 10:57:04.932970
209,55,173,2018-07-17 10:57:04.934116,2018-07-17 10:57:04.934116
210,55,1,2018-07-17 10:57:04.935312,2018-07-17 10:57:04.935312
211,56,142,2018-07-17 10:57:04.939689,2018-07-17 10:57:04.939689
212,56,224,2018-07-17 10:57:04.940930,2018-07-17 10:57:04.940930
213,56,214,2018-07-17 10:57:04.942096,2018-07-17 10:57:04.942096
214,56,171,2018-07-17 10:57:04.943306,2018-07-17 10:57:04.943306
215,57,3,2018-07-17 10:57:04.947786,2018-07-17 10:57:04.947786
216,57,170,2018-07-17 10:57:04.948994,2018-07-17 10:57:04.948994
217,57,145,2018-07-17 10:57:04.950186,2018-07-17 10:57:04.950186
218,57,138,2018-07-17 10:57:04.951419,2018-07-17 10:57:04.951419
219,58,134,2018-07-17 10:57:06.402034,2018-07-17 10:57:06.402034
220,58,223,2018-07-17 10:57:06.403298,2018-07-17 10:57:06.403298
221,58,124,2018-07-17 10:57:06.404482,2018-07-17 10:57:06.404482
222,58,191,2018-07-17 10:57:06.405710,2018-07-17 10:57:06.405710
223,59,22,2018-07-17 10:57:06.410434,2018-07-17 10:57:06.410434
224,59,146,2018-07-17 10:57:06.412294,2018-07-17 10:57:06.412294
225,59,210,2018-07-17 10:57:06.414490,2018-07-17 10:57:06.414490
226,59,226,2018-07-17 10:57:06.417077,2018-07-17 10:57:06.417077
227,60,211,2018-07-17 10:57:06.423100,2018-07-17 10:57:06.423100
228,60,118,2018-07-17 10:57:06.424368,2018-07-17 10:57:06.424368
229,60,171,2018-07-17 10:57:06.425583,2018-07-17 10:57:06.425583
230,60,147,2018-07-17 10:57:06.426797,2018-07-17 10:57:06.426797
231,61,224,2018-07-17 10:57:06.431208,2018-07-17 10:57:06.431208
232,61,227,2018-07-17 10:57:06.432601,2018-07-17 10:57:06.432601
233,61,215,2018-07-17 10:57:06.433801,2018-07-17 10:57:06.433801
234,61,188,2018-07-17 10:57:06.435049,2018-07-17 10:57:06.435049
235,62,129,2018-07-17 10:57:06.439670,2018-07-17 10:57:06.439670
236,62,125,2018-07-17 10:57:06.440884,2018-07-17 10:57:06.440884
237,62,214,2018-07-17 10:57:06.442090,2018-07-17 10:57:06.442090
238,62,74,2018-07-17 10:57:06.443343,2018-07-17 10:57:06.443343
239,63,170,2018-07-17 10:57:06.448188,2018-07-17 10:57:06.448188
240,63,133,2018-07-17 10:57:06.449403,2018-07-17 10:57:06.449403
241,63,137,2018-07-17 10:57:06.450606,2018-07-17 10:57:06.450606
242,63,2,2018-07-17 10:57:06.451848,2018-07-17 10:57:06.451848
243,64,146,2018-07-17 10:57:08.202600,2018-07-17 10:57:08.202600
244,64,153,2018-07-17 10:57:08.203846,2018-07-17 10:57:08.203846
245,64,191,2018-07-17 10:57:08.205143,2018-07-17 10:57:08.205143
246,64,215,2018-07-17 10:57:08.206395,2018-07-17 10:57:08.206395
247,65,211,2018-07-17 10:57:08.210817,2018-07-17 10:57:08.210817
248,65,147,2018-07-17 10:57:08.212354,2018-07-17 10:57:08.212354
249,65,156,2018-07-17 10:57:08.213899,2018-07-17 10:57:08.213899
250,65,22,2018-07-17 10:57:08.215897,2018-07-17 10:57:08.215897
251,66,127,2018-07-17 10:57:08.223243,2018-07-17 10:57:08.223243
252,66,129,2018-07-17 10:57:08.224866,2018-07-17 10:57:08.224866
253,66,74,2018-07-17 10:57:08.226031,2018-07-17 10:57:08.226031
254,66,219,2018-07-17 10:57:08.227234,2018-07-17 10:57:08.227234
255,67,20,2018-07-17 10:57:08.231691,2018-07-17 10:57:08.231691
256,67,141,2018-07-17 10:57:08.233026,2018-07-17 10:57:08.233026
257,67,210,2018-07-17 10:57:08.234245,2018-07-17 10:57:08.234245
258,67,132,2018-07-17 10:57:08.235485,2018-07-17 10:57:08.235485
259,68,190,2018-07-17 10:57:08.240191,2018-07-17 10:57:08.240191
260,68,133,2018-07-17 10:57:08.241554,2018-07-17 10:57:08.241554
261,68,134,2018-07-17 10:57:08.242887,2018-07-17 10:57:08.242887
262,68,160,2018-07-17 10:57:08.244187,2018-07-17 10:57:08.244187
263,69,137,2018-07-17 10:57:08.248456,2018-07-17 10:57:08.248456
264,69,186,2018-07-17 10:57:08.249959,2018-07-17 10:57:08.249959
265,69,125,2018-07-17 10:57:08.251609,2018-07-17 10:57:08.251609
266,69,3,2018-07-17 10:57:08.252959,2018-07-17 10:57:08.252959
267,70,211,2018-07-17 10:57:10.201170,2018-07-17 10:57:10.201170
268,70,160,2018-07-17 10:57:10.202440,2018-07-17 10:57:10.202440
269,70,3,2018-07-17 10:57:10.203659,2018-07-17 10:57:10.203659
270,70,171,2018-07-17 10:57:10.204845,2018-07-17 10:57:10.204845
271,71,134,2018-07-17 10:57:10.212905,2018-07-17 10:57:10.212905
272,71,212,2018-07-17 10:57:10.214936,2018-07-17 10:57:10.214936
273,71,124,2018-07-17 10:57:10.216482,2018-07-17 10:57:10.216482
274,71,22,2018-07-17 10:57:10.217703,2018-07-17 10:57:10.217703
275,72,131,2018-07-17 10:57:10.222161,2018-07-17 10:57:10.222161
276,72,142,2018-07-17 10:57:10.223408,2018-07-17 10:57:10.223408
277,72,52,2018-07-17 10:57:10.224610,2018-07-17 10:57:10.224610
278,72,186,2018-07-17 10:57:10.225799,2018-07-17 10:57:10.225799
279,73,20,2018-07-17 10:57:10.230343,2018-07-17 10:57:10.230343
280,73,213,2018-07-17 10:57:10.231756,2018-07-17 10:57:10.231756
281,73,129,2018-07-17 10:57:10.232999,2018-07-17 10:57:10.232999
282,73,141,2018-07-17 10:57:10.234216,2018-07-17 10:57:10.234216
283,74,137,2018-07-17 10:57:10.238839,2018-07-17 10:57:10.238839
284,74,190,2018-07-17 10:57:10.240073,2018-07-17 10:57:10.240073
285,74,125,2018-07-17 10:57:10.241276,2018-07-17 10:57:10.241276
286,74,74,2018-07-17 10:57:10.242565,2018-07-17 10:57:10.242565
287,75,127,2018-07-17 10:57:10.247195,2018-07-17 10:57:10.247195
288,75,227,2018-07-17 10:57:10.248453,2018-07-17 10:57:10.248453
289,75,178,2018-07-17 10:57:10.249614,2018-07-17 10:57:10.249614
290,75,191,2018-07-17 10:57:10.250798,2018-07-17 10:57:10.250798
291,76,146,2018-07-17 10:57:10.255364,2018-07-17 10:57:10.255364
292,76,170,2018-07-17 10:57:10.256588,2018-07-17 10:57:10.256588
293,76,215,2018-07-17 10:57:10.257781,2018-07-17 10:57:10.257781
294,76,5,2018-07-17 10:57:10.259059,2018-07-17 10:57:10.259059
295,77,210,2018-07-17 10:57:10.263863,2018-07-17 10:57:10.263863
296,77,154,2018-07-17 10:57:10.265090,2018-07-17 10:57:10.265090
297,77,103,2018-07-17 10:57:10.266271,2018-07-17 10:57:10.266271
298,77,72,2018-07-17 10:57:10.267461,2018-07-17 10:57:10.267461
299,78,142,2018-07-17 10:57:12.720074,2018-07-17 10:57:12.720074
300,78,13,2018-07-17 10:57:12.721317,2018-07-17 10:57:12.721317
301,78,214,2018-07-17 10:57:12.722505,2018-07-17 10:57:12.722505
302,78,131,2018-07-17 10:57:12.723689,2018-07-17 10:57:12.723689
303,79,129,2018-07-17 10:57:12.728206,2018-07-17 10:57:12.728206
304,79,213,2018-07-17 10:57:12.730918,2018-07-17 10:57:12.730918
305,79,52,2018-07-17 10:57:12.733826,2018-07-17 10:57:12.733826
306,79,140,2018-07-17 10:57:12.736481,2018-07-17 10:57:12.736481
307,80,211,2018-07-17 10:57:12.742116,2018-07-17 10:57:12.742116
308,80,157,2018-07-17 10:57:12.743596,2018-07-17 10:57:12.743596
309,80,118,2018-07-17 10:57:12.744847,2018-07-17 10:57:12.744847
310,80,70,2018-07-17 10:57:12.746075,2018-07-17 10:57:12.746075
311,81,74,2018-07-17 10:57:12.750832,2018-07-17 10:57:12.750832
312,81,191,2018-07-17 10:57:12.752121,2018-07-17 10:57:12.752121
313,81,138,2018-07-17 10:57:12.753376,2018-07-17 10:57:12.753376
314,81,145,2018-07-17 10:57:12.754588,2018-07-17 10:57:12.754588
315,82,127,2018-07-17 10:57:12.759184,2018-07-17 10:57:12.759184
316,82,133,2018-07-17 10:57:12.760522,2018-07-17 10:57:12.760522
317,82,22,2018-07-17 10:57:12.761788,2018-07-17 10:57:12.761788
318,82,186,2018-07-17 10:57:12.763010,2018-07-17 10:57:12.763010
319,83,147,2018-07-17 10:57:12.768569,2018-07-17 10:57:12.768569
320,83,170,2018-07-17 10:57:12.769946,2018-07-17 10:57:12.769946
321,83,210,2018-07-17 10:57:12.771174,2018-07-17 10:57:12.771174
322,83,20,2018-07-17 10:57:12.772375,2018-07-17 10:57:12.772375
323,84,190,2018-07-17 10:57:12.777487,2018-07-17 10:57:12.777487
324,84,134,2018-07-17 10:57:12.778838,2018-07-17 10:57:12.778838
325,84,154,2018-07-17 10:57:12.783613,2018-07-17 10:57:12.783613
326,84,216,2018-07-17 10:57:12.785011,2018-07-17 10:57:12.785011
327,85,72,2018-07-17 10:57:12.789951,2018-07-17 10:57:12.789951
328,85,125,2018-07-17 10:57:12.791223,2018-07-17 10:57:12.791223
329,85,156,2018-07-17 10:57:12.792411,2018-07-17 10:57:12.792411
330,85,5,2018-07-17 10:57:12.793593,2018-07-17 10:57:12.793593
331,86,127,2018-07-17 10:57:15.238330,2018-07-17 10:57:15.238330
332,86,216,2018-07-17 10:57:15.239617,2018-07-17 10:57:15.239617
333,86,145,2018-07-17 10:57:15.240859,2018-07-17 10:57:15.240859
334,86,118,2018-07-17 10:57:15.242131,2018-07-17 10:57:15.242131
335,87,170,2018-07-17 10:57:15.251048,2018-07-17 10:57:15.251048
336,87,147,2018-07-17 10:57:15.255216,2018-07-17 10:57:15.255216
337,87,213,2018-07-17 10:57:15.257919,2018-07-17 10:57:15.257919
338,87,109,2018-07-17 10:57:15.260071,2018-07-17 10:57:15.260071
339,88,210,2018-07-17 10:57:15.265782,2018-07-17 10:57:15.265782
340,88,137,2018-07-17 10:57:15.267575,2018-07-17 10:57:15.267575
341,88,155,2018-07-17 10:57:15.269088,2018-07-17 10:57:15.269088
342,89,138,2018-07-17 10:57:15.274286,2018-07-17 10:57:15.274286
343,89,190,2018-07-17 10:57:15.275657,2018-07-17 10:57:15.275657
344,89,42,2018-07-17 10:57:15.276936,2018-07-17 10:57:15.276936
345,89,178,2018-07-17 10:57:15.278110,2018-07-17 10:57:15.278110
346,90,134,2018-07-17 10:57:15.282686,2018-07-17 10:57:15.282686
347,90,18,2018-07-17 10:57:15.284007,2018-07-17 10:57:15.284007
348,90,148,2018-07-17 10:57:15.285218,2018-07-17 10:57:15.285218
349,90,191,2018-07-17 10:57:15.286478,2018-07-17 10:57:15.286478
350,91,211,2018-07-17 10:57:15.291468,2018-07-17 10:57:15.291468
351,91,193,2018-07-17 10:57:15.292719,2018-07-17 10:57:15.292719
352,91,154,2018-07-17 10:57:15.293919,2018-07-17 10:57:15.293919
353,91,72,2018-07-17 10:57:15.295160,2018-07-17 10:57:15.295160
354,92,153,2018-07-17 10:57:15.299737,2018-07-17 10:57:15.299737
355,92,131,2018-07-17 10:57:15.301023,2018-07-17 10:57:15.301023
356,92,74,2018-07-17 10:57:15.302257,2018-07-17 10:57:15.302257
357,92,21,2018-07-17 10:57:15.303524,2018-07-17 10:57:15.303524
358,93,129,2018-07-17 10:57:15.308247,2018-07-17 10:57:15.308247
359,93,158,2018-07-17 10:57:15.309468,2018-07-17 10:57:15.309468
360,93,5,2018-07-17 10:57:15.310644,2018-07-17 10:57:15.310644
361,93,186,2018-07-17 10:57:15.311841,2018-07-17 10:57:15.311841
362,94,52,2018-07-17 10:57:15.745937,2018-07-17 10:57:15.745937
363,94,190,2018-07-17 10:57:15.747294,2018-07-17 10:57:15.747294
364,94,214,2018-07-17 10:57:15.748614,2018-07-17 10:57:15.748614
365,94,131,2018-07-17 10:57:15.750017,2018-07-17 10:57:15.750017
366,95,210,2018-07-17 10:57:15.757851,2018-07-17 10:57:15.757851
367,95,20,2018-07-17 10:57:15.759963,2018-07-17 10:57:15.759963
368,95,74,2018-07-17 10:57:15.761383,2018-07-17 10:57:15.761383
369,95,132,2018-07-17 10:57:15.762652,2018-07-17 10:57:15.762652
370,96,170,2018-07-17 10:57:15.767418,2018-07-17 10:57:15.767418
371,96,191,2018-07-17 10:57:15.768738,2018-07-17 10:57:15.768738
372,96,1,2018-07-17 10:57:15.769953,2018-07-17 10:57:15.769953
373,96,140,2018-07-17 10:57:15.771161,2018-07-17 10:57:15.771161
374,97,127,2018-07-17 10:57:15.776005,2018-07-17 10:57:15.776005
375,97,193,2018-07-17 10:57:15.777290,2018-07-17 10:57:15.777290
376,97,155,2018-07-17 10:57:15.778556,2018-07-17 10:57:15.778556
377,97,18,2018-07-17 10:57:15.779841,2018-07-17 10:57:15.779841
378,98,137,2018-07-17 10:57:15.784730,2018-07-17 10:57:15.784730
379,98,142,2018-07-17 10:57:15.786015,2018-07-17 10:57:15.786015
380,98,72,2018-07-17 10:57:15.787262,2018-07-17 10:57:15.787262
381,98,22,2018-07-17 10:57:15.788500,2018-07-17 10:57:15.788500
382,99,134,2018-07-17 10:57:15.793393,2018-07-17 10:57:15.793393
383,99,213,2018-07-17 10:57:15.794717,2018-07-17 10:57:15.794717
384,99,200,2018-07-17 10:57:15.795921,2018-07-17 10:57:15.795921
385,99,139,2018-07-17 10:57:15.797108,2018-07-17 10:57:15.797108
386,100,211,2018-07-17 10:57:15.801608,2018-07-17 10:57:15.801608
387,100,73,2018-07-17 10:57:15.802938,2018-07-17 10:57:15.802938
388,100,17,2018-07-17 10:57:15.804198,2018-07-17 10:57:15.804198
389,100,138,2018-07-17 10:57:15.809220,2018-07-17 10:57:15.809220
390,101,129,2018-07-17 10:57:15.813825,2018-07-17 10:57:15.813825
391,101,153,2018-07-17 10:57:15.815171,2018-07-17 10:57:15.815171
392,101,117,2018-07-17 10:57:15.816461,2018-07-17 10:57:15.816461
393,101,212,2018-07-17 10:57:15.817668,2018-07-17 10:57:15.817668
394,102,211,2018-07-17 10:57:16.260024,2018-07-17 10:57:16.260024
395,102,154,2018-07-17 10:57:16.261563,2018-07-17 10:57:16.261563
396,102,190,2018-07-17 10:57:16.263013,2018-07-17 10:57:16.263013
397,102,22,2018-07-17 10:57:16.264207,2018-07-17 10:57:16.264207
398,103,129,2018-07-17 10:57:16.270903,2018-07-17 10:57:16.270903
399,103,137,2018-07-17 10:57:16.272197,2018-07-17 10:57:16.272197
400,103,212,2018-07-17 10:57:16.273434,2018-07-17 10:57:16.273434
401,103,193,2018-07-17 10:57:16.274659,2018-07-17 10:57:16.274659
402,104,215,2018-07-17 10:57:16.279537,2018-07-17 10:57:16.279537
403,104,132,2018-07-17 10:57:16.280800,2018-07-17 10:57:16.280800
404,104,17,2018-07-17 10:57:16.282358,2018-07-17 10:57:16.282358
405,104,72,2018-07-17 10:57:16.284185,2018-07-17 10:57:16.284185
406,105,214,2018-07-17 10:57:16.292607,2018-07-17 10:57:16.292607
407,105,118,2018-07-17 10:57:16.293923,2018-07-17 10:57:16.293923
408,105,170,2018-07-17 10:57:16.295130,2018-07-17 10:57:16.295130
409,105,134,2018-07-17 10:57:16.296358,2018-07-17 10:57:16.296358
410,106,153,2018-07-17 10:57:16.301282,2018-07-17 10:57:16.301282
411,106,216,2018-07-17 10:57:16.302622,2018-07-17 10:57:16.302622
412,106,131,2018-07-17 10:57:16.304010,2018-07-17 10:57:16.304010
413,106,117,2018-07-17 10:57:16.305665,2018-07-17 10:57:16.305665
414,107,210,2018-07-17 10:57:16.311348,2018-07-17 10:57:16.311348
415,107,162,2018-07-17 10:57:16.312627,2018-07-17 10:57:16.312627
416,107,178,2018-07-17 10:57:16.313794,2018-07-17 10:57:16.313794
417,107,20,2018-07-17 10:57:16.315057,2018-07-17 10:57:16.315057
418,108,127,2018-07-17 10:57:16.319959,2018-07-17 10:57:16.319959
419,108,138,2018-07-17 10:57:16.321203,2018-07-17 10:57:16.321203
420,108,18,2018-07-17 10:57:16.322505,2018-07-17 10:57:16.322505
421,108,191,2018-07-17 10:57:16.323712,2018-07-17 10:57:16.323712
422,109,125,2018-07-17 10:57:16.328418,2018-07-17 10:57:16.328418
423,109,1,2018-07-17 10:57:16.329719,2018-07-17 10:57:16.329719
424,109,156,2018-07-17 10:57:16.330962,2018-07-17 10:57:16.330962
425,109,74,2018-07-17 10:57:16.332144,2018-07-17 10:57:16.332144
426,110,156,2018-07-17 10:57:17.509895,2018-07-17 10:57:17.509895
427,110,186,2018-07-17 10:57:17.511267,2018-07-17 10:57:17.511267
428,110,2,2018-07-17 10:57:17.512489,2018-07-17 10:57:17.512489
429,110,214,2018-07-17 10:57:17.513689,2018-07-17 10:57:17.513689
430,111,138,2018-07-17 10:57:17.518669,2018-07-17 10:57:17.518669
431,111,129,2018-07-17 10:57:17.519983,2018-07-17 10:57:17.519983
432,111,3,2018-07-17 10:57:17.521226,2018-07-17 10:57:17.521226
433,111,178,2018-07-17 10:57:17.522487,2018-07-17 10:57:17.522487
434,112,131,2018-07-17 10:57:17.528941,2018-07-17 10:57:17.528941
435,112,193,2018-07-17 10:57:17.531193,2018-07-17 10:57:17.531193
436,112,217,2018-07-17 10:57:17.533205,2018-07-17 10:57:17.533205
437,112,142,2018-07-17 10:57:17.535050,2018-07-17 10:57:17.535050
438,113,210,2018-07-17 10:57:17.539821,2018-07-17 10:57:17.539821
439,113,161,2018-07-17 10:57:17.541096,2018-07-17 10:57:17.541096
440,113,154,2018-07-17 10:57:17.542439,2018-07-17 10:57:17.542439
441,113,20,2018-07-17 10:57:17.543866,2018-07-17 10:57:17.543866
442,114,211,2018-07-17 10:57:17.548740,2018-07-17 10:57:17.548740
443,114,153,2018-07-17 10:57:17.550032,2018-07-17 10:57:17.550032
444,114,118,2018-07-17 10:57:17.551259,2018-07-17 10:57:17.551259
445,114,155,2018-07-17 10:57:17.552508,2018-07-17 10:57:17.552508
446,115,127,2018-07-17 10:57:17.557402,2018-07-17 10:57:17.557402
447,115,190,2018-07-17 10:57:17.558790,2018-07-17 10:57:17.558790
448,115,147,2018-07-17 10:57:17.560048,2018-07-17 10:57:17.560048
449,115,74,2018-07-17 10:57:17.561287,2018-07-17 10:57:17.561287
450,116,125,2018-07-17 10:57:17.565970,2018-07-17 10:57:17.565970
451,116,120,2018-07-17 10:57:17.567320,2018-07-17 10:57:17.567320
452,116,5,2018-07-17 10:57:17.568603,2018-07-17 10:57:17.568603
453,116,170,2018-07-17 10:57:17.569802,2018-07-17 10:57:17.569802
454,117,145,2018-07-17 10:57:17.574541,2018-07-17 10:57:17.574541
455,117,13,2018-07-17 10:57:17.575937,2018-07-17 10:57:17.575937
456,117,215,2018-07-17 10:57:17.577293,2018-07-17 10:57:17.577293
457,117,72,2018-07-17 10:57:17.578555,2018-07-17 10:57:17.578555
