id,key,name,synonyms,code,born_at,city_id,state_id,country_id,nationality_id,created_at,updated_at
1,llaurent,L. Laurent,,,,,,,,2018-07-17 10:56:56.467793,2018-07-17 10:56:56.467793
2,langiller,Langiller,,,,,,,,2018-07-17 10:56:56.477977,2018-07-17 10:56:56.477977
3,maschinot,Maschinot,,,,,,,,2018-07-17 10:56:56.480610,2018-07-17 10:56:56.480610
4,carreno,Carreño,,,,,,,,2018-07-17 10:56:56.483097,2018-07-17 10:56:56.483097
5,monti,Monti,,,,,,,,2018-07-17 10:56:56.496962,2018-07-17 10:56:56.496962
6,vidal,Vidal,,,,,,,,2018-07-17 10:56:56.506740,2018-07-17 10:56:56.506740
7,mrosas,M. Rosas,,,,,,,,2018-07-17 10:56:56.509251,2018-07-17 10:56:56.509251
8,subiabre,Subiabre,,,,,,,,2018-07-17 10:56:56.520261,2018-07-17 10:56:56.520261
9,stabile,Stábile,,,,,,,,2018-07-17 10:56:56.535916,2018-07-17 10:56:56.535916
10,zumelzu,Zumelzú,,,,,,,,2018-07-17 10:56:56.538646,2018-07-17 10:56:56.538646
11,varallo,Varallo,,,,,,,,2018-07-17 10:56:56.543714,2018-07-17 10:56:56.543714
12,gayon,Gayón,,,,,,,,2018-07-17 10:56:56.548868,2018-07-17 10:56:56.548868
13,mevaristo,M. Evaristo,,,,,,,,2018-07-17 10:56:56.567801,2018-07-17 10:56:56.567801
14,tirnanic,Tirnanić,,,,,,,,2018-07-17 10:56:56.582618,2018-07-17 10:56:56.582618
15,bek,Bek,,,,,,,,2018-07-17 10:56:56.586481,2018-07-17 10:56:56.586481
16,preguinho,Preguinho,,,,,,,,2018-07-17 10:56:56.591004,2018-07-17 10:56:56.591004
17,marjanovic,Marjanović,,,,,,,,2018-07-17 10:56:56.603853,2018-07-17 10:56:56.603853
18,vujadinovic,Vujadinović,,,,,,,,2018-07-17 10:56:56.607457,2018-07-17 10:56:56.607457
19,moderato,Moderato,,,,,,,,2018-07-17 10:56:56.618782,2018-07-17 10:56:56.618782
20,desu,Deşu,,,,,,,,2018-07-17 10:56:56.635769,2018-07-17 10:56:56.635769
21,souzaferreira,Souza Ferreira,,,,,,,,2018-07-17 10:56:56.638344,2018-07-17 10:56:56.638344
22,stanciu,Stanciu,,,,,,,,2018-07-17 10:56:56.640772,2018-07-17 10:56:56.640772
23,kovacs,Kovács,,,,,,,,2018-07-17 10:56:56.643200,2018-07-17 10:56:56.643200
24,castro,Castro,,,,,,,,2018-07-17 10:56:56.654661,2018-07-17 10:56:56.654661
25,dorado,Dorado,,,,,,,,2018-07-17 10:56:56.666337,2018-07-17 10:56:56.666337
26,scarone,Scarone,,,,,,,,2018-07-17 10:56:56.668930,2018-07-17 10:56:56.668930
27,anselmo,Anselmo,,,,,,,,2018-07-17 10:56:56.671445,2018-07-17 10:56:56.671445
28,cea,Cea,,,,,,,,2018-07-17 10:56:56.673906,2018-07-17 10:56:56.673906
29,mcghee,McGhee,,,,,,,,2018-07-17 10:56:56.686088,2018-07-17 10:56:56.686088
30,florie,Florie,,,,,,,,2018-07-17 10:56:56.690206,2018-07-17 10:56:56.690206
31,patenaude,Patenaude,,,,,,,,2018-07-17 10:56:56.692807,2018-07-17 10:56:56.692807
32,vargaspena,Vargas Peña,,,,,,,,2018-07-17 10:56:56.712495,2018-07-17 10:56:56.712495
33,scopelli,Scopelli,,,,,,,,2018-07-17 10:56:56.729092,2018-07-17 10:56:56.729092
34,peucelle,Peucelle,,,,,,,,2018-07-17 10:56:56.732961,2018-07-17 10:56:56.732961
35,brown,Brown,,,,,,,,2018-07-17 10:56:56.737917,2018-07-17 10:56:56.737917
36,iriarte,Iriarte,,,,,,,,2018-07-17 10:56:56.756945,2018-07-17 10:56:56.756945
37,angelbossio,Ángel Bossio,,,,,,,,2018-07-17 10:56:56.792060,2018-07-17 10:56:56.792060
38,juanbotasso,Juan Botasso,,,,,,,,2018-07-17 10:56:56.798995,2018-07-17 10:56:56.798995
39,rodolfoorlandini,Rodolfo Orlandini,,,,,,,,2018-07-17 10:56:56.800739,2018-07-17 10:56:56.800739
40,albertochividini,Alberto Chividini,,,,,,,,2018-07-17 10:56:56.802454,2018-07-17 10:56:56.802454
41,adolfozumelzu,Adolfo Zumelzú,,,,,,,,2018-07-17 10:56:56.804156,2018-07-17 10:56:56.804156
42,josedellatorre,José Della Torre,,,,,,,,2018-07-17 10:56:56.805845,2018-07-17 10:56:56.805845
43,juanevaristo,Juan Evaristo,,,,,,,,2018-07-17 10:56:56.807551,2018-07-17 10:56:56.807551
44,edmundopiaggio,Edmundo Piaggio,,,,,,,,2018-07-17 10:56:56.809267,2018-07-17 10:56:56.809267
45,ramonmuttis,Ramón Muttis,,,,,,,,2018-07-17 10:56:56.811081,2018-07-17 10:56:56.811081
46,fernandopaternoster,Fernando Paternoster,,,,,,,,2018-07-17 10:56:56.813576,2018-07-17 10:56:56.813576
47,luismonti,Luis Monti,,,,,,,,2018-07-17 10:56:56.816653,2018-07-17 10:56:56.816653
48,pedrosuarez,Pedro Suárez,,,,,,,,2018-07-17 10:56:56.819548,2018-07-17 10:56:56.819548
49,alejandroscopelli,Alejandro Scopelli,,,,,,,,2018-07-17 10:56:56.822018,2018-07-17 10:56:56.822018
50,natalioperinetti,Natalio Perinetti,,,,,,,,2018-07-17 10:56:56.823839,2018-07-17 10:56:56.823839
51,carlospeucelle,Carlos Peucelle,,,,,,,,2018-07-17 10:56:56.825583,2018-07-17 10:56:56.825583
52,marioevaristo,Mario Evaristo,,,,,,,,2018-07-17 10:56:56.827349,2018-07-17 10:56:56.827349
53,manuelferreira,Manuel Ferreira,,,,,,,,2018-07-17 10:56:56.828955,2018-07-17 10:56:56.828955
54,carlosspadaro,Carlos Spadaro,,,,,,,,2018-07-17 10:56:56.830555,2018-07-17 10:56:56.830555
55,guillermostabile,Guillermo Stábile,,,,,,,,2018-07-17 10:56:56.832282,2018-07-17 10:56:56.832282
56,robertocherro,Roberto Cherro,,,,,,,,2018-07-17 10:56:56.833873,2018-07-17 10:56:56.833873
57,franciscovarallo,Francisco Varallo,,,,,,,,2018-07-17 10:56:56.835472,2018-07-17 10:56:56.835472
58,attiliodemaria,Attilio Demaría,,,,,,,,2018-07-17 10:56:56.841901,2018-07-17 10:56:56.841901
59,arnoldbadjou,Arnold Badjou,,,,,,,,2018-07-17 10:56:56.850874,2018-07-17 10:56:56.850874
60,jeandebie,Jean De Bie,,,,,,,,2018-07-17 10:56:56.853861,2018-07-17 10:56:56.853861
61,theodorenouwens,Theodore Nouwens,,,,,,,,2018-07-17 10:56:56.856395,2018-07-17 10:56:56.856395
62,nichoydonckx,Nic Hoydonckx,,,,,,,,2018-07-17 10:56:56.858387,2018-07-17 10:56:56.858387
63,henridedeken,Henri De Deken,,,,,,,,2018-07-17 10:56:56.860150,2018-07-17 10:56:56.860150
64,jeandeclercq,Jean De Clercq,,,,,,,,2018-07-17 10:56:56.861908,2018-07-17 10:56:56.861908
65,pierrebraine,Pierre Braine,,,,,,,,2018-07-17 10:56:56.863634,2018-07-17 10:56:56.863634
66,alexischantraine,Alexis Chantraine,,,,,,,,2018-07-17 10:56:56.865451,2018-07-17 10:56:56.865451
67,augusthellemans,August Hellemans,,,,,,,,2018-07-17 10:56:56.867252,2018-07-17 10:56:56.867252
68,jandiddens,Jan Diddens,,,,,,,,2018-07-17 10:56:56.868951,2018-07-17 10:56:56.868951
69,gerarddelbeke,Gérard Delbeke,,,,,,,,2018-07-17 10:56:56.870671,2018-07-17 10:56:56.870671
70,jacquesmoeschal,Jacques Moeschal,,,,,,,,2018-07-17 10:56:56.872447,2018-07-17 10:56:56.872447
71,ferdinandadams,Ferdinand Adams,,,,,,,,2018-07-17 10:56:56.874133,2018-07-17 10:56:56.874133
72,andresaeys,André Saeys,,,,,,,,2018-07-17 10:56:56.875888,2018-07-17 10:56:56.875888
73,louisversyp,Louis Versyp,,,,,,,,2018-07-17 10:56:56.877707,2018-07-17 10:56:56.877707
74,bernardvoorhoof,Bernard Voorhoof,,,,,,,,2018-07-17 10:56:56.880062,2018-07-17 10:56:56.880062
75,miguelmurillo,Miguel Murillo,,,,,,,,2018-07-17 10:56:56.889607,2018-07-17 10:56:56.889607
76,jesusbermudez,Jesús Bermúdez,,,,,,,,2018-07-17 10:56:56.891564,2018-07-17 10:56:56.891564
77,luisreyespenaranda,Luis Reyes Peñaranda,,,,,,,,2018-07-17 10:56:56.893297,2018-07-17 10:56:56.893297
78,segundodurandal,Segundo Durandal,,,,,,,,2018-07-17 10:56:56.894973,2018-07-17 10:56:56.894973
79,casianochavarria,Casiano Chavarría,,,,,,,,2018-07-17 10:56:56.896629,2018-07-17 10:56:56.896629
80,renatosainz,Renato Sáinz,,,,,,,,2018-07-17 10:56:56.898399,2018-07-17 10:56:56.898399
81,miguelbrito,Miguel Brito,,,,,,,,2018-07-17 10:56:56.900138,2018-07-17 10:56:56.900138
82,juanargote,Juan Argote,,,,,,,,2018-07-17 10:56:56.901787,2018-07-17 10:56:56.901787
83,constantinonoya,Constantino Noya,,,,,,,,2018-07-17 10:56:56.903456,2018-07-17 10:56:56.903456
84,diogeneslara,Diógenes Lara,,,,,,,,2018-07-17 10:56:56.905115,2018-07-17 10:56:56.905115
85,jorgevalderrama,Jorge Valderrama,,,,,,,,2018-07-17 10:56:56.906796,2018-07-17 10:56:56.906796
86,gumersindogomez,Gumersindo Gómez,,,,,,,,2018-07-17 10:56:56.908449,2018-07-17 10:56:56.908449
87,rafaelmendez,Rafael Méndez,,,,,,,,2018-07-17 10:56:56.910132,2018-07-17 10:56:56.910132
88,eduardoreyesortiz,Eduardo Reyes Ortíz,,,,,,,,2018-07-17 10:56:56.911928,2018-07-17 10:56:56.911928
89,renefernandez,René Fernández,,,,,,,,2018-07-17 10:56:56.914229,2018-07-17 10:56:56.914229
90,josebustamante,José Bustamante,,,,,,,,2018-07-17 10:56:56.917153,2018-07-17 10:56:56.917153
91,marioalborta,Mario Alborta,,,,,,,,2018-07-17 10:56:56.920088,2018-07-17 10:56:56.920088
92,velloso,Velloso,,,,,,,,2018-07-17 10:56:56.927320,2018-07-17 10:56:56.927320
93,joel,Joel,,,,,,,,2018-07-17 10:56:56.929141,2018-07-17 10:56:56.929141
94,brilhante,Brilhante,,,,,,,,2018-07-17 10:56:56.930943,2018-07-17 10:56:56.930943
95,zeluiz,Zé Luiz,,,,,,,,2018-07-17 10:56:56.932899,2018-07-17 10:56:56.932899
96,italia,Itália,,,,,,,,2018-07-17 10:56:56.934580,2018-07-17 10:56:56.934580
97,oscarino,Oscarino,,,,,,,,2018-07-17 10:56:56.936248,2018-07-17 10:56:56.936248
98,fernando,Fernando,,,,,,,,2018-07-17 10:56:56.937936,2018-07-17 10:56:56.937936
99,hermogenes,Hermógenes,,,,,,,,2018-07-17 10:56:56.939626,2018-07-17 10:56:56.939626
100,fausto,Fausto,,,,,,,,2018-07-17 10:56:56.941434,2018-07-17 10:56:56.941434
101,ivanmariz,Ivan Mariz,,,,,,,,2018-07-17 10:56:56.943130,2018-07-17 10:56:56.943130
102,pamplona,Pamplona,,,,,,,,2018-07-17 10:56:56.944817,2018-07-17 10:56:56.944817
103,fortes,Fortes,,,,,,,,2018-07-17 10:56:56.947117,2018-07-17 10:56:56.947117
104,manoelzinho,Manoelzinho,,,,,,,,2018-07-17 10:56:56.949966,2018-07-17 10:56:56.949966
105,nilo,Nilo,,,,,,,,2018-07-17 10:56:56.953014,2018-07-17 10:56:56.953014
106,moderato,Moderato,,,,,,,,2018-07-17 10:56:56.955686,2018-07-17 10:56:56.955686
107,carvalholeite,Carvalho Leite,,,,,,,,2018-07-17 10:56:56.957658,2018-07-17 10:56:56.957658
108,poly,Poly,,,,,,,,2018-07-17 10:56:56.959362,2018-07-17 10:56:56.959362
109,preguinho,Preguinho,,,,,,,,2018-07-17 10:56:56.961013,2018-07-17 10:56:56.961013
110,russinho,Russinho,,,,,,,,2018-07-17 10:56:56.962758,2018-07-17 10:56:56.962758
111,teophilo,Teóphilo,,,,,,,,2018-07-17 10:56:56.964468,2018-07-17 10:56:56.964468
112,benedicto,Benedicto,,,,,,,,2018-07-17 10:56:56.966263,2018-07-17 10:56:56.966263
113,araken,Araken,,,,,,,,2018-07-17 10:56:56.967953,2018-07-17 10:56:56.967953
114,robertocortes,Roberto Cortés,,,,,,,,2018-07-17 10:56:56.974199,2018-07-17 10:56:56.974199
115,cesarespinoza,Cesar Espinoza,,,,,,,,2018-07-17 10:56:56.976061,2018-07-17 10:56:56.976061
116,victormorales,Víctor Morales,,,,,,,,2018-07-17 10:56:56.977800,2018-07-17 10:56:56.977800
117,guillermoriveros,Guillermo Riveros,,,,,,,,2018-07-17 10:56:56.980114,2018-07-17 10:56:56.980114
118,ernestochaparro,Ernesto Chaparro,,,,,,,,2018-07-17 10:56:56.983189,2018-07-17 10:56:56.983189
119,ulisespoirier,Ulises Poirier,,,,,,,,2018-07-17 10:56:56.986301,2018-07-17 10:56:56.986301
120,guillermosaavedra,Guillermo Saavedra,,,,,,,,2018-07-17 10:56:56.988842,2018-07-17 10:56:56.988842
121,arturotorres,Arturo Torres,,,,,,,,2018-07-17 10:56:56.990577,2018-07-17 10:56:56.990577
122,casimirotorres,Casimiro Torres,,,,,,,,2018-07-17 10:56:56.992251,2018-07-17 10:56:56.992251
123,humbertoelgueta,Humberto Elgueta,,,,,,,,2018-07-17 10:56:56.993959,2018-07-17 10:56:56.993959
124,tomasojeda,Tomás Ojeda,,,,,,,,2018-07-17 10:56:56.995695,2018-07-17 10:56:56.995695
125,horaciomunoz,Horacio Muñoz,,,,,,,,2018-07-17 10:56:56.997369,2018-07-17 10:56:56.997369
126,arturocoddou,Arturo Coddou,,,,,,,,2018-07-17 10:56:56.999226,2018-07-17 10:56:56.999226
127,carlosschneeberger,Carlos Schneeberger,,,,,,,,2018-07-17 10:56:57.000921,2018-07-17 10:56:57.000921
128,guillermosubiabre,Guillermo Subiabre,,,,,,,,2018-07-17 10:56:57.002715,2018-07-17 10:56:57.002715
129,juanaguilera,Juan Aguilera,,,,,,,,2018-07-17 10:56:57.004428,2018-07-17 10:56:57.004428
130,guillermoarellano,Guillermo Arellano,,,,,,,,2018-07-17 10:56:57.006151,2018-07-17 10:56:57.006151
131,carlosvidal,Carlos Vidal,,,,,,,,2018-07-17 10:56:57.007871,2018-07-17 10:56:57.007871
132,eberardovillalobos,Eberardo Villalobos,,,,,,,,2018-07-17 10:56:57.009558,2018-07-17 10:56:57.009558
133,alexthepot,Alex Thépot,,,,,,,,2018-07-17 10:56:57.017674,2018-07-17 10:56:57.017674
134,andretassin,André Tassin,,,,,,,,2018-07-17 10:56:57.020498,2018-07-17 10:56:57.020498
135,marcelcapelle,Marcel Capelle,,,,,,,,2018-07-17 10:56:57.022840,2018-07-17 10:56:57.022840
136,numaandoire,Numa Andoire,,,,,,,,2018-07-17 10:56:57.024696,2018-07-17 10:56:57.024696
137,Étiennemattler,Étienne Mattler,,,,,,,,2018-07-17 10:56:57.026426,2018-07-17 10:56:57.026426
138,augustinchantrel,Augustin Chantrel,,,,,,,,2018-07-17 10:56:57.028291,2018-07-17 10:56:57.028291
139,jeanlaurent,Jean Laurent,,,,,,,,2018-07-17 10:56:57.030021,2018-07-17 10:56:57.030021
140,marcelpinel,Marcel Pinel,,,,,,,,2018-07-17 10:56:57.031873,2018-07-17 10:56:57.031873
141,celestindelmer,Célestin Delmer,,,,,,,,2018-07-17 10:56:57.033637,2018-07-17 10:56:57.033637
142,alexandrevillaplane,Alexandre Villaplane,,,,,,,,2018-07-17 10:56:57.035353,2018-07-17 10:56:57.035353
143,andremaschinot,André Maschinot,,,,,,,,2018-07-17 10:56:57.037095,2018-07-17 10:56:57.037095
144,lucienlaurent,Lucien Laurent,,,,,,,,2018-07-17 10:56:57.038846,2018-07-17 10:56:57.038846
145,marcellangiller,Marcel Langiller,,,,,,,,2018-07-17 10:56:57.040554,2018-07-17 10:56:57.040554
146,edmonddelfour,Edmond Delfour,,,,,,,,2018-07-17 10:56:57.042279,2018-07-17 10:56:57.042279
147,Émileveinante,Émile Veinante,,,,,,,,2018-07-17 10:56:57.043985,2018-07-17 10:56:57.043985
148,ernestliberati,Ernest Libérati,,,,,,,,2018-07-17 10:56:57.046204,2018-07-17 10:56:57.046204
149,isidorosota,Isidoro Sota,,,,,,,,2018-07-17 10:56:57.056627,2018-07-17 10:56:57.056627
150,oscarbonfiglio,Oscar Bonfiglio,,,,,,,,2018-07-17 10:56:57.058621,2018-07-17 10:56:57.058621
151,franciscogarzagutierrez,Francisco Garza Gutiérrez,,,,,,,,2018-07-17 10:56:57.060447,2018-07-17 10:56:57.060447
152,manuelrosas,Manuel Rosas,,,,,,,,2018-07-17 10:56:57.062249,2018-07-17 10:56:57.062249
153,rafaelgarzagutierrez,Rafael Garza Gutiérrez,,,,,,,,2018-07-17 10:56:57.064068,2018-07-17 10:56:57.064068
154,alfredosanchez,Alfredo Sánchez,,,,,,,,2018-07-17 10:56:57.065957,2018-07-17 10:56:57.065957
155,feliperosas,Felipe Rosas,,,,,,,,2018-07-17 10:56:57.067781,2018-07-17 10:56:57.067781
156,raymundorodriguez,Raymundo Rodríguez,,,,,,,,2018-07-17 10:56:57.069637,2018-07-17 10:56:57.069637
157,efrainamezcua,Efraín Amézcua,,,,,,,,2018-07-17 10:56:57.071426,2018-07-17 10:56:57.071426
158,felipeolivares,Felipe Olivares,,,,,,,,2018-07-17 10:56:57.073185,2018-07-17 10:56:57.073185
159,luisperez,Luis Pérez,,,,,,,,2018-07-17 10:56:57.074982,2018-07-17 10:56:57.074982
160,hilariolopez,Hilario López,,,,,,,,2018-07-17 10:56:57.076760,2018-07-17 10:56:57.076760
161,robertogayon,Roberto Gayón,,,,,,,,2018-07-17 10:56:57.079004,2018-07-17 10:56:57.079004
162,jesuscastro,Jesús Castro,,,,,,,,2018-07-17 10:56:57.081840,2018-07-17 10:56:57.081840
163,joseruiz,José Ruíz,,,,,,,,2018-07-17 10:56:57.084627,2018-07-17 10:56:57.084627
164,juancarreno,Juan Carreño,,,,,,,,2018-07-17 10:56:57.087795,2018-07-17 10:56:57.087795
165,dionisiomejia,Dionisio Mejía,,,,,,,,2018-07-17 10:56:57.090487,2018-07-17 10:56:57.090487
166,jorgepardon,Jorge Pardon,,,,,,,,2018-07-17 10:56:57.097698,2018-07-17 10:56:57.097698
167,juanvaldivieso,Juan Valdivieso,,,,,,,,2018-07-17 10:56:57.099777,2018-07-17 10:56:57.099777
168,antoniomaquilon,Antonio Maquilón,,,,,,,,2018-07-17 10:56:57.101675,2018-07-17 10:56:57.101675
169,mariodelascasas,Mario de las Casas,,,,,,,,2018-07-17 10:56:57.103610,2018-07-17 10:56:57.103610
170,arturofernandez,Arturo Fernández,,,,,,,,2018-07-17 10:56:57.105409,2018-07-17 10:56:57.105409
171,albertosoria,Alberto Soria,,,,,,,,2018-07-17 10:56:57.107244,2018-07-17 10:56:57.107244
172,placidogalindo,Plácido Galindo,,,,,,,,2018-07-17 10:56:57.109118,2018-07-17 10:56:57.109118
173,domingogarcia,Domingo García,,,,,,,,2018-07-17 10:56:57.110982,2018-07-17 10:56:57.110982
174,julioquintana,Julio Quintana,,,,,,,,2018-07-17 10:56:57.113137,2018-07-17 10:56:57.113137
175,albertodenegri,Alberto Denegri,,,,,,,,2018-07-17 10:56:57.116045,2018-07-17 10:56:57.116045
176,eduardoastengo,Eduardo Astengo,,,,,,,,2018-07-17 10:56:57.119163,2018-07-17 10:56:57.119163
177,demetrioneyra,Demetrio Neyra,,,,,,,,2018-07-17 10:56:57.122280,2018-07-17 10:56:57.122280
178,pablopacheco,Pablo Pacheco,,,,,,,,2018-07-17 10:56:57.124866,2018-07-17 10:56:57.124866
179,juliolores,Julio Lores,,,,,,,,2018-07-17 10:56:57.126953,2018-07-17 10:56:57.126953
180,lizardorodrigueznue,Lizardo Rodríguez Nue,,,,,,,,2018-07-17 10:56:57.128851,2018-07-17 10:56:57.128851
181,jorgesarmiento,Jorge Sarmiento,,,,,,,,2018-07-17 10:56:57.130576,2018-07-17 10:56:57.130576
182,josemarialavalle,José María Lavalle,,,,,,,,2018-07-17 10:56:57.132422,2018-07-17 10:56:57.132422
183,luissouzaferreira,Luis Souza Ferreira,,,,,,,,2018-07-17 10:56:57.134117,2018-07-17 10:56:57.134117
184,carloscilloniz,Carlos Cillóniz,,,,,,,,2018-07-17 10:56:57.135840,2018-07-17 10:56:57.135840
185,alejandrovillanueva,Alejandro Villanueva,,,,,,,,2018-07-17 10:56:57.137518,2018-07-17 10:56:57.137518
186,pedrobenitez,Pedro Benítez,,,,,,,,2018-07-17 10:56:57.148826,2018-07-17 10:56:57.148826
187,modestodenis,Modesto Denis,,,,,,,,2018-07-17 10:56:57.151870,2018-07-17 10:56:57.151870
188,josemiracca,José Miracca,,,,,,,,2018-07-17 10:56:57.155420,2018-07-17 10:56:57.155420
189,quiterioolmedo,Quiterio Olmedo,,,,,,,,2018-07-17 10:56:57.157868,2018-07-17 10:56:57.157868
190,salvadorflores,Salvador Flores,,,,,,,,2018-07-17 10:56:57.159699,2018-07-17 10:56:57.159699
191,eustaciochamorro,Eustacio Chamorro,,,,,,,,2018-07-17 10:56:57.161445,2018-07-17 10:56:57.161445
192,franciscoaguirre,Francisco Aguirre,,,,,,,,2018-07-17 10:56:57.163336,2018-07-17 10:56:57.163336
193,eusebiodiaz,Eusebio Díaz,,,,,,,,2018-07-17 10:56:57.165240,2018-07-17 10:56:57.165240
194,santiagobenitez,Santiago Benítez,,,,,,,,2018-07-17 10:56:57.167127,2018-07-17 10:56:57.167127
195,romildoetcheverry,Romildo Etcheverry,,,,,,,,2018-07-17 10:56:57.168927,2018-07-17 10:56:57.168927
196,diegoflorentin,Diego Florentín,,,,,,,,2018-07-17 10:56:57.170769,2018-07-17 10:56:57.170769
197,tranquilinogarcete,Tranquilino Garcete,,,,,,,,2018-07-17 10:56:57.172535,2018-07-17 10:56:57.172535
198,delfinbenitezcaceres,Delfín Benítez Cáceres,,,,,,,,2018-07-17 10:56:57.174312,2018-07-17 10:56:57.174312
199,aureliogonzalez,Aurelio González,,,,,,,,2018-07-17 10:56:57.176109,2018-07-17 10:56:57.176109
200,saguiercarreras,Saguier Carreras,,,,,,,,2018-07-17 10:56:57.177911,2018-07-17 10:56:57.177911
201,linonessi,Lino Nessi,,,,,,,,2018-07-17 10:56:57.180052,2018-07-17 10:56:57.180052
202,diogenesdominguez,Diógenes Domínguez,,,,,,,,2018-07-17 10:56:57.182951,2018-07-17 10:56:57.182951
203,amadeoortega,Amadeo Ortega,,,,,,,,2018-07-17 10:56:57.185763,2018-07-17 10:56:57.185763
204,bernaberivera,Bernabé Rivera,,,,,,,,2018-07-17 10:56:57.188852,2018-07-17 10:56:57.188852
205,gerardoromero,Gerardo Romero,,,,,,,,2018-07-17 10:56:57.191471,2018-07-17 10:56:57.191471
206,luisvargaspena,Luis Vargas Peña,,,,,,,,2018-07-17 10:56:57.193346,2018-07-17 10:56:57.193346
207,jacintovillalba,Jacinto Villalba,,,,,,,,2018-07-17 10:56:57.195186,2018-07-17 10:56:57.195186
208,samuelzauber,Samuel Zauber,,,,,,,,2018-07-17 10:56:57.202216,2018-07-17 10:56:57.202216
209,ionlǎpusneanu,Ion Lǎpuşneanu,,,,,,,,2018-07-17 10:56:57.204184,2018-07-17 10:56:57.204184
210,iosifczako,Iosif Czako,,,,,,,,2018-07-17 10:56:57.205979,2018-07-17 10:56:57.205979
211,rudolfbuerger,Rudolf Bürger,,,,,,,,2018-07-17 10:56:57.207775,2018-07-17 10:56:57.207775
212,adalbertsteiner,Adalbert Steiner,,,,,,,,2018-07-17 10:56:57.209542,2018-07-17 10:56:57.209542
213,alfredeisenbeisser,Alfred Eisenbeisser,,,,,,,,2018-07-17 10:56:57.211355,2018-07-17 10:56:57.211355
214,emerichvogl,Emerich Vogl,,,,,,,,2018-07-17 10:56:57.213481,2018-07-17 10:56:57.213481
215,corneliurobe,Corneliu Robe,,,,,,,,2018-07-17 10:56:57.216425,2018-07-17 10:56:57.216425
216,ladislauraffinsky,Ladislau Raffinsky,,,,,,,,2018-07-17 10:56:57.219391,2018-07-17 10:56:57.219391
217,constantinstanciu,Constantin Stanciu,,,,,,,,2018-07-17 10:56:57.222436,2018-07-17 10:56:57.222436
218,mikloskovacs,Miklós Kovács,,,,,,,,2018-07-17 10:56:57.224850,2018-07-17 10:56:57.224850
219,iliesubaseanu,Ilie Subăşeanu,,,,,,,,2018-07-17 10:56:57.226758,2018-07-17 10:56:57.226758
220,adalbertdesu,Adalbert Deşu,,,,,,,,2018-07-17 10:56:57.228746,2018-07-17 10:56:57.228746
221,rudolfwetzer,Rudolf Wetzer,,,,,,,,2018-07-17 10:56:57.230629,2018-07-17 10:56:57.230629
222,stefanbarbu,Ştefan Barbu,,,,,,,,2018-07-17 10:56:57.232643,2018-07-17 10:56:57.232643
223,jimmydouglas,Jimmy Douglas,,,,,,,,2018-07-17 10:56:57.239748,2018-07-17 10:56:57.239748
224,alexanderwood,Alexander Wood,,,,,,,,2018-07-17 10:56:57.241667,2018-07-17 10:56:57.241667
225,georgemoorhouse,George Moorhouse,,,,,,,,2018-07-17 10:56:57.243714,2018-07-17 10:56:57.243714
226,frankvaughn,Frank Vaughn,,,,,,,,2018-07-17 10:56:57.245484,2018-07-17 10:56:57.245484
227,raphaeltracey,Raphael Tracey,,,,,,,,2018-07-17 10:56:57.247634,2018-07-17 10:56:57.247634
228,jamesgentle,James Gentle,,,,,,,,2018-07-17 10:56:57.250349,2018-07-17 10:56:57.250349
229,jimmygallagher,Jimmy Gallagher,,,,,,,,2018-07-17 10:56:57.253440,2018-07-17 10:56:57.253440
230,billygonsalves,Billy Gonsalves,,,,,,,,2018-07-17 10:56:57.257954,2018-07-17 10:56:57.257954
231,philipslone,Philip Slone,,,,,,,,2018-07-17 10:56:57.260109,2018-07-17 10:56:57.260109
232,jimbrown,Jim Brown,,,,,,,,2018-07-17 10:56:57.261972,2018-07-17 10:56:57.261972
233,arnieoliver,Arnie Oliver,,,,,,,,2018-07-17 10:56:57.263805,2018-07-17 10:56:57.263805
234,andyauld,Andy Auld,,,,,,,,2018-07-17 10:56:57.265697,2018-07-17 10:56:57.265697
235,bertpatenaude,Bert Patenaude,,,,,,,,2018-07-17 10:56:57.267512,2018-07-17 10:56:57.267512
236,tomflorie,Tom Florie,,,,,,,,2018-07-17 10:56:57.269307,2018-07-17 10:56:57.269307
237,mikebookie,Mike Bookie,,,,,,,,2018-07-17 10:56:57.271092,2018-07-17 10:56:57.271092
238,bartmcghee,Bart McGhee,,,,,,,,2018-07-17 10:56:57.272864,2018-07-17 10:56:57.272864
239,enriqueballestrero,Enrique Ballestrero,,,,,,,,2018-07-17 10:56:57.279958,2018-07-17 10:56:57.279958
240,miguelcapuccini,Miguel Capuccini,,,,,,,,2018-07-17 10:56:57.282849,2018-07-17 10:56:57.282849
241,emiliorecoba,Emilio Recoba,,,,,,,,2018-07-17 10:56:57.286302,2018-07-17 10:56:57.286302
242,ernestomascheroni,Ernesto Mascheroni,,,,,,,,2018-07-17 10:56:57.289285,2018-07-17 10:56:57.289285
243,domingotejera,Domingo Tejera,,,,,,,,2018-07-17 10:56:57.291616,2018-07-17 10:56:57.291616
244,josenasazzi,José Nasazzi,,,,,,,,2018-07-17 10:56:57.293455,2018-07-17 10:56:57.293455
245,joseandrade,José Andrade,,,,,,,,2018-07-17 10:56:57.295351,2018-07-17 10:56:57.295351
246,lorenzofernandez,Lorenzo Fernández,,,,,,,,2018-07-17 10:56:57.297138,2018-07-17 10:56:57.297138
247,carlosriolfo,Carlos Riolfo,,,,,,,,2018-07-17 10:56:57.299106,2018-07-17 10:56:57.299106
248,alvarogestido,Álvaro Gestido,,,,,,,,2018-07-17 10:56:57.301013,2018-07-17 10:56:57.301013
249,conduelopiriz,Conduelo Píriz,,,,,,,,2018-07-17 10:56:57.302853,2018-07-17 10:56:57.302853
250,angelmelogno,Ángel Melogno,,,,,,,,2018-07-17 10:56:57.304740,2018-07-17 10:56:57.304740
251,pedropetrone,Pedro Petrone,,,,,,,,2018-07-17 10:56:57.306650,2018-07-17 10:56:57.306650
252,hectorcastro,Héctor Castro,,,,,,,,2018-07-17 10:56:57.308477,2018-07-17 10:56:57.308477
253,pedrocea,Pedro Cea,,,,,,,,2018-07-17 10:56:57.310275,2018-07-17 10:56:57.310275
254,santosiriarte,Santos Iriarte,,,,,,,,2018-07-17 10:56:57.312198,2018-07-17 10:56:57.312198
255,juancarloscalvo,Juan Carlos Calvo,,,,,,,,2018-07-17 10:56:57.314998,2018-07-17 10:56:57.314998
256,pablodorado,Pablo Dorado,,,,,,,,2018-07-17 10:56:57.317824,2018-07-17 10:56:57.317824
257,zoilosaldombide,Zoilo Saldombide,,,,,,,,2018-07-17 10:56:57.320866,2018-07-17 10:56:57.320866
258,hectorscarone,Héctor Scarone,,,,,,,,2018-07-17 10:56:57.323753,2018-07-17 10:56:57.323753
259,peregrinoanselmo,Peregrino Anselmo,,,,,,,,2018-07-17 10:56:57.325884,2018-07-17 10:56:57.325884
260,santosurdinaran,Santos Urdinarán,,,,,,,,2018-07-17 10:56:57.327766,2018-07-17 10:56:57.327766
261,milanstojanovic,Milan Stojanović,,,,,,,,2018-07-17 10:56:57.334759,2018-07-17 10:56:57.334759
262,milovanjaksic,Milovan Jakšić,,,,,,,,2018-07-17 10:56:57.336721,2018-07-17 10:56:57.336721
263,dragoslavmihajlovic,Dragoslav Mihajlović,,,,,,,,2018-07-17 10:56:57.338542,2018-07-17 10:56:57.338542
264,dragomirtosic,Dragomir Tošić,,,,,,,,2018-07-17 10:56:57.340426,2018-07-17 10:56:57.340426
265,milutinivkovic,Milutin Ivković,,,,,,,,2018-07-17 10:56:57.342264,2018-07-17 10:56:57.342264
266,miloradarsenijevic,Milorad Arsenijević,,,,,,,,2018-07-17 10:56:57.344100,2018-07-17 10:56:57.344100
267,teofilospasojevic,Teofilo Spasojević,,,,,,,,2018-07-17 10:56:57.345994,2018-07-17 10:56:57.345994
268,momciloĐokic,Momčilo Đokić,,,,,,,,2018-07-17 10:56:57.348873,2018-07-17 10:56:57.348873
269,ljubisastefanovic,Ljubiša Stefanović,,,,,,,,2018-07-17 10:56:57.351800,2018-07-17 10:56:57.351800
270,blagojemarjanovic,Blagoje Marjanović,,,,,,,,2018-07-17 10:56:57.354967,2018-07-17 10:56:57.354967
271,branislavsekulic,Branislav Sekulić,,,,,,,,2018-07-17 10:56:57.357699,2018-07-17 10:56:57.357699
272,dragutinnajdanovic,Dragutin Najdanović,,,,,,,,2018-07-17 10:56:57.359671,2018-07-17 10:56:57.359671
273,branislavhrnjicek,Branislav Hrnjiček,,,,,,,,2018-07-17 10:56:57.361583,2018-07-17 10:56:57.361583
274,bozidarmarkovic,Bozidar Marković,,,,,,,,2018-07-17 10:56:57.363441,2018-07-17 10:56:57.363441
275,aleksandartirnanic,Aleksandar Tirnanić,,,,,,,,2018-07-17 10:56:57.365306,2018-07-17 10:56:57.365306
276,ivanbek,Ivan Bek,,,,,,,,2018-07-17 10:56:57.367251,2018-07-17 10:56:57.367251
277,Đorđevujadinovic,Đorđe Vujadinović,,,,,,,,2018-07-17 10:56:57.369099,2018-07-17 10:56:57.369099
278,belis,Belis,,,,,,,,2018-07-17 10:56:57.413163,2018-07-17 10:56:57.413163
279,jonasson,Jonasson,,,,,,,,2018-07-17 10:56:57.417091,2018-07-17 10:56:57.417091
280,galateo,Galateo,,,,,,,,2018-07-17 10:56:57.422394,2018-07-17 10:56:57.422394
281,kroon,Kroon,,,,,,,,2018-07-17 10:56:57.427429,2018-07-17 10:56:57.427429
282,nicolas,Nicolas,,,,,,,,2018-07-17 10:56:57.438893,2018-07-17 10:56:57.438893
283,sindelar,Sindelar,,,,,,,,2018-07-17 10:56:57.441533,2018-07-17 10:56:57.441533
284,schall,Schall,,,,,,,,2018-07-17 10:56:57.447843,2018-07-17 10:56:57.447843
285,bican,Bican,,,,,,,,2018-07-17 10:56:57.452814,2018-07-17 10:56:57.452814
286,verriest,Verriest,,,,,,,,2018-07-17 10:56:57.457391,2018-07-17 10:56:57.457391
287,kobierski,Kobierski,,,,,,,,2018-07-17 10:56:57.469683,2018-07-17 10:56:57.469683
288,siffling,Siffling,,,,,,,,2018-07-17 10:56:57.475652,2018-07-17 10:56:57.475652
289,conen,Conen,,,,,,,,2018-07-17 10:56:57.478370,2018-07-17 10:56:57.478370
290,iraragorri,Iraragorri,,,,,,,,2018-07-17 10:56:57.495312,2018-07-17 10:56:57.495312
291,langara,Lángara,,,,,,,,2018-07-17 10:56:57.499412,2018-07-17 10:56:57.499412
292,leonidas,Leônidas,,,,,,,,2018-07-17 10:56:57.502105,2018-07-17 10:56:57.502105
293,teleki,Teleki,,,,,,,,2018-07-17 10:56:57.514551,2018-07-17 10:56:57.514551
294,toldi,Toldi,,,,,,,,2018-07-17 10:56:57.519353,2018-07-17 10:56:57.519353
295,fawzi,Fawzi,,,,,,,,2018-07-17 10:56:57.523584,2018-07-17 10:56:57.523584
296,vincze,Vincze,,,,,,,,2018-07-17 10:56:57.527602,2018-07-17 10:56:57.527602
297,kielholz,Kielholz,,,,,,,,2018-07-17 10:56:57.540184,2018-07-17 10:56:57.540184
298,smit,Smit,,,,,,,,2018-07-17 10:56:57.543014,2018-07-17 10:56:57.543014
299,abegglen,Abegglen,,,,,,,,2018-07-17 10:56:57.548201,2018-07-17 10:56:57.548201
300,vente,Vente,,,,,,,,2018-07-17 10:56:57.553172,2018-07-17 10:56:57.553172
301,schiavio,Schiavio,,,,,,,,2018-07-17 10:56:57.567229,2018-07-17 10:56:57.567229
302,orsi,Orsi,,,,,,,,2018-07-17 10:56:57.570050,2018-07-17 10:56:57.570050
303,donelli,Donelli,,,,,,,,2018-07-17 10:56:57.574073,2018-07-17 10:56:57.574073
304,ferrari,Ferrari,,,,,,,,2018-07-17 10:56:57.576812,2018-07-17 10:56:57.576812
305,meazza,Meazza,,,,,,,,2018-07-17 10:56:57.585024,2018-07-17 10:56:57.585024
306,dobay,Dobay,,,,,,,,2018-07-17 10:56:57.596603,2018-07-17 10:56:57.596603
307,puc,Puč,,,,,,,,2018-07-17 10:56:57.599536,2018-07-17 10:56:57.599536
308,nejedly,Nejedlý,,,,,,,,2018-07-17 10:56:57.602350,2018-07-17 10:56:57.602350
309,svoboda,Svoboda,,,,,,,,2018-07-17 10:56:57.618738,2018-07-17 10:56:57.618738
310,sobotka,Sobotka,,,,,,,,2018-07-17 10:56:57.622763,2018-07-17 10:56:57.622763
311,jaeggi,Jäggi,,,,,,,,2018-07-17 10:56:57.625548,2018-07-17 10:56:57.625548
312,hohmann,Hohmann,,,,,,,,2018-07-17 10:56:57.636850,2018-07-17 10:56:57.636850
313,dunker,Dunker,,,,,,,,2018-07-17 10:56:57.640903,2018-07-17 10:56:57.640903
314,regueiro,Regueiro,,,,,,,,2018-07-17 10:56:57.653116,2018-07-17 10:56:57.653116
315,horvath,Horvath,,,,,,,,2018-07-17 10:56:57.664439,2018-07-17 10:56:57.664439
316,zischek,Zischek,,,,,,,,2018-07-17 10:56:57.667324,2018-07-17 10:56:57.667324
317,sarosi,Sárosi,,,,,,,,2018-07-17 10:56:57.670024,2018-07-17 10:56:57.670024
318,guaita,Guaita,,,,,,,,2018-07-17 10:56:57.691473,2018-07-17 10:56:57.691473
319,noack,Noack,,,,,,,,2018-07-17 10:56:57.703376,2018-07-17 10:56:57.703376
320,lehner,Lehner,,,,,,,,2018-07-17 10:56:57.724839,2018-07-17 10:56:57.724839
321,sesta,Sesta,,,,,,,,2018-07-17 10:56:57.731421,2018-07-17 10:56:57.731421
322,gauchel,Gauchel,,,,,,,,2018-07-17 10:56:57.797271,2018-07-17 10:56:57.797271
323,kohut,Kohut,,,,,,,,2018-07-17 10:56:57.811974,2018-07-17 10:56:57.811974
324,zsengeller,Zsengellér,,,,,,,,2018-07-17 10:56:57.819555,2018-07-17 10:56:57.819555
325,isemborghs,Isemborghs,,,,,,,,2018-07-17 10:56:57.835378,2018-07-17 10:56:57.835378
326,bindea,Bindea,,,,,,,,2018-07-17 10:56:57.851894,2018-07-17 10:56:57.851894
327,socorro,Socorro,,,,,,,,2018-07-17 10:56:57.854741,2018-07-17 10:56:57.854741
328,baratky,Baratky,,,,,,,,2018-07-17 10:56:57.859068,2018-07-17 10:56:57.859068
329,tunas,Tuñas,,,,,,,,2018-07-17 10:56:57.863074,2018-07-17 10:56:57.863074
330,ferraris,Ferraris,,,,,,,,2018-07-17 10:56:57.873903,2018-07-17 10:56:57.873903
331,brustad,Brustad,,,,,,,,2018-07-17 10:56:57.878694,2018-07-17 10:56:57.878694
332,piola,Piola,,,,,,,,2018-07-17 10:56:57.883133,2018-07-17 10:56:57.883133
333,scherfke,Scherfke,,,,,,,,2018-07-17 10:56:57.899487,2018-07-17 10:56:57.899487
334,romeu,Romeu,,,,,,,,2018-07-17 10:56:57.902256,2018-07-17 10:56:57.902256
335,peracio,Perácio,,,,,,,,2018-07-17 10:56:57.905555,2018-07-17 10:56:57.905555
336,wilimowski,Wilimowski,,,,,,,,2018-07-17 10:56:57.910117,2018-07-17 10:56:57.910117
337,kostalek,Košťálek,,,,,,,,2018-07-17 10:56:57.929786,2018-07-17 10:56:57.929786
338,zeman,Zeman,,,,,,,,2018-07-17 10:56:57.934074,2018-07-17 10:56:57.934074
339,oliveira,Oliveira,,,,,,,,2018-07-17 10:56:57.951731,2018-07-17 10:56:57.951731
340,hahnemann,Hahnemann,,,,,,,,2018-07-17 10:56:57.963705,2018-07-17 10:56:57.963705
341,loertscher,Lörtscher,,,,,,,,2018-07-17 10:56:57.966630,2018-07-17 10:56:57.966630
342,walaschek,Walaschek,,,,,,,,2018-07-17 10:56:57.969552,2018-07-17 10:56:57.969552
343,bickel,Bickel,,,,,,,,2018-07-17 10:56:57.973904,2018-07-17 10:56:57.973904
344,handersson,H. Andersson,,,,,,,,2018-07-17 10:56:58.018241,2018-07-17 10:56:58.018241
345,wetterstroem,Wetterström,,,,,,,,2018-07-17 10:56:58.021013,2018-07-17 10:56:58.021013
346,keller,Keller,,,,,,,,2018-07-17 10:56:58.026302,2018-07-17 10:56:58.026302
347,nyberg,Nyberg,,,,,,,,2018-07-17 10:56:58.030393,2018-07-17 10:56:58.030393
348,colaussi,Colaussi,,,,,,,,2018-07-17 10:56:58.045523,2018-07-17 10:56:58.045523
349,heisserer,Heisserer,,,,,,,,2018-07-17 10:56:58.048844,2018-07-17 10:56:58.048844
350,kopecky,Kopecký,,,,,,,,2018-07-17 10:56:58.062372,2018-07-17 10:56:58.062372
351,jacobsson,Jacobsson,,,,,,,,2018-07-17 10:56:58.081891,2018-07-17 10:56:58.081891
352,titkos,Titkos,,,,,,,,2018-07-17 10:56:58.084646,2018-07-17 10:56:58.084646
353,ademir,Ademir,,,,,,,,2018-07-17 10:56:58.242317,2018-07-17 10:56:58.242317
354,jair,Jair,,,,,,,,2018-07-17 10:56:58.245260,2018-07-17 10:56:58.245260
355,baltazar,Baltazar,,,,,,,,2018-07-17 10:56:58.248106,2018-07-17 10:56:58.248106
356,mitic,Mitić,,,,,,,,2018-07-17 10:56:58.279804,2018-07-17 10:56:58.279804
357,tomasevic,Tomašević,,,,,,,,2018-07-17 10:56:58.282826,2018-07-17 10:56:58.282826
358,ognjanov,Ognjanov,,,,,,,,2018-07-17 10:56:58.285684,2018-07-17 10:56:58.285684
359,fatton,Fatton,,,,,,,,2018-07-17 10:56:58.318282,2018-07-17 10:56:58.318282
360,bobek,Bobek,,,,,,,,2018-07-17 10:56:58.334481,2018-07-17 10:56:58.334481
361,zcajkovski,Ž. Čajkovski,,,,,,,,2018-07-17 10:56:58.341006,2018-07-17 10:56:58.341006
362,ortiz,Ortiz,,,,,,,,2018-07-17 10:56:58.346799,2018-07-17 10:56:58.346799
363,zizinho,Zizinho,,,,,,,,2018-07-17 10:56:58.381863,2018-07-17 10:56:58.381863
364,bader,Bader,,,,,,,,2018-07-17 10:56:58.416208,2018-07-17 10:56:58.416208
365,antenen,Antenen,,,,,,,,2018-07-17 10:56:58.419096,2018-07-17 10:56:58.419096
366,casarin,Casarín,,,,,,,,2018-07-17 10:56:58.421854,2018-07-17 10:56:58.421854
367,mortensen,Mortensen,,,,,,,,2018-07-17 10:56:58.434647,2018-07-17 10:56:58.434647
368,mannion,Mannion,,,,,,,,2018-07-17 10:56:58.439173,2018-07-17 10:56:58.439173
369,pariani,Pariani,,,,,,,,2018-07-17 10:56:58.451129,2018-07-17 10:56:58.451129
370,igoa,Igoa,,,,,,,,2018-07-17 10:56:58.454031,2018-07-17 10:56:58.454031
371,basora,Basora,,,,,,,,2018-07-17 10:56:58.456781,2018-07-17 10:56:58.456781
372,zarra,Zarra,,,,,,,,2018-07-17 10:56:58.459610,2018-07-17 10:56:58.459610
373,gaetjens,Gaetjens,,,,,,,,2018-07-17 10:56:58.506727,2018-07-17 10:56:58.506727
374,robledo,Robledo,,,,,,,,2018-07-17 10:56:58.535116,2018-07-17 10:56:58.535116
375,riera,Riera,,,,,,,,2018-07-17 10:56:58.538984,2018-07-17 10:56:58.538984
376,wallace,Wallace,,,,,,,,2018-07-17 10:56:58.541719,2018-07-17 10:56:58.541719
377,maca,Maca,,,,,,,,2018-07-17 10:56:58.544472,2018-07-17 10:56:58.544472
378,cremaschi,Cremaschi,,,,,,,,2018-07-17 10:56:58.547265,2018-07-17 10:56:58.547265
379,prieto,Prieto,,,,,,,,2018-07-17 10:56:58.550040,2018-07-17 10:56:58.550040
380,carapellese,Carapellese,,,,,,,,2018-07-17 10:56:58.564376,2018-07-17 10:56:58.564376
381,jeppson,Jeppson,,,,,,,,2018-07-17 10:56:58.569187,2018-07-17 10:56:58.569187
382,muccinelli,Muccinelli,,,,,,,,2018-07-17 10:56:58.575382,2018-07-17 10:56:58.575382
383,sundqvist,Sundqvist,,,,,,,,2018-07-17 10:56:58.587029,2018-07-17 10:56:58.587029
384,palmer,Palmér,,,,,,,,2018-07-17 10:56:58.589827,2018-07-17 10:56:58.589827
385,lopezfretes,López Fretes,,,,,,,,2018-07-17 10:56:58.595668,2018-07-17 10:56:58.595668
386,pandolfini,Pandolfini,,,,,,,,2018-07-17 10:56:58.610267,2018-07-17 10:56:58.610267
387,miguez,Míguez,,,,,,,,2018-07-17 10:56:58.624686,2018-07-17 10:56:58.624686
388,schiaffino,Schiaffino,,,,,,,,2018-07-17 10:56:58.630830,2018-07-17 10:56:58.630830
389,ghiggia,Ghiggia,,,,,,,,2018-07-17 10:56:58.642071,2018-07-17 10:56:58.642071
390,varela,Varela,,,,,,,,2018-07-17 10:56:58.669938,2018-07-17 10:56:58.669938
391,chico,Chico,,,,,,,,2018-07-17 10:56:58.685310,2018-07-17 10:56:58.685310
392,maneca,Maneca,,,,,,,,2018-07-17 10:56:58.692798,2018-07-17 10:56:58.692798
393,parra,Parra,,,,,,,,2018-07-17 10:56:58.710099,2018-07-17 10:56:58.710099
394,mellberg,Mellberg,,,,,,,,2018-07-17 10:56:58.749106,2018-07-17 10:56:58.749106
395,friaca,Friaça,,,,,,,,2018-07-17 10:56:58.763438,2018-07-17 10:56:58.763438
396,marcelo,Marcelo,,,,,,,,2018-07-17 10:57:16.365362,2018-07-17 10:57:16.365362
397,neymar,Neymar,,,,,,,,2018-07-17 10:57:16.368232,2018-07-17 10:57:16.368232
398,oribeperalta,Oribe Peralta,,,,,,,,2018-07-17 10:57:16.383107,2018-07-17 10:57:16.383107
399,ivicaolic,Ivica Olić,,,,,,,,2018-07-17 10:57:16.404030,2018-07-17 10:57:16.404030
400,ivanperisic,Ivan Perišić,,,,,,,,2018-07-17 10:57:16.406932,2018-07-17 10:57:16.406932
401,mariomandzukic,Mario Mandžukić,,,,,,,,2018-07-17 10:57:16.409951,2018-07-17 10:57:16.409951
402,joelmatip,Joel Matip,,,,,,,,2018-07-17 10:57:16.428046,2018-07-17 10:57:16.428046
403,fernandinho,Fernandinho,,,,,,,,2018-07-17 10:57:16.433728,2018-07-17 10:57:16.433728
404,rafaelmarquez,Rafael Márquez,,,,,,,,2018-07-17 10:57:16.449167,2018-07-17 10:57:16.449167
405,andresguardado,Andres Guardado,,,,,,,,2018-07-17 10:57:16.454312,2018-07-17 10:57:16.454312
406,javierhernandez,Javier Hernández,,,,,,,,2018-07-17 10:57:16.458954,2018-07-17 10:57:16.458954
407,xabialonso,Xabi Alonso,,,,,,,,2018-07-17 10:57:16.472572,2018-07-17 10:57:16.472572
408,robinvanpersie,Robin Van Persie,,,,,,,,2018-07-17 10:57:16.475397,2018-07-17 10:57:16.475397
409,arjenrobben,Arjen Robben,,,,,,,,2018-07-17 10:57:16.478262,2018-07-17 10:57:16.478262
410,stefandevrij,Stefan De Vrij,,,,,,,,2018-07-17 10:57:16.481130,2018-07-17 10:57:16.481130
411,alexissanchez,Alexis Sánchez,,,,,,,,2018-07-17 10:57:16.499611,2018-07-17 10:57:16.499611
412,jorgevaldivia,Jorge Valdívia,,,,,,,,2018-07-17 10:57:16.502443,2018-07-17 10:57:16.502443
413,cahill,Cahill,,,,,,,,2018-07-17 10:57:16.505371,2018-07-17 10:57:16.505371
414,jeanbeausejour,Jean Beausejour,,,,,,,,2018-07-17 10:57:16.508127,2018-07-17 10:57:16.508127
415,eduardovargas,Eduardo Vargas,,,,,,,,2018-07-17 10:57:16.521684,2018-07-17 10:57:16.521684
416,charlesaranguiz,Charles Aránguiz,,,,,,,,2018-07-17 10:57:16.525334,2018-07-17 10:57:16.525334
417,timcahill,Tim Cahill,,,,,,,,2018-07-17 10:57:16.538759,2018-07-17 10:57:16.538759
418,milejedinak,Mile Jedinak,,,,,,,,2018-07-17 10:57:16.541542,2018-07-17 10:57:16.541542
419,memphisdepay,Memphis Depay,,,,,,,,2018-07-17 10:57:16.545670,2018-07-17 10:57:16.545670
420,davidvilla,David Villa,,,,,,,,2018-07-17 10:57:16.560474,2018-07-17 10:57:16.560474
421,fernandotorres,Fernando Torres,,,,,,,,2018-07-17 10:57:16.563408,2018-07-17 10:57:16.563408
422,juanmata,Juan Mata,,,,,,,,2018-07-17 10:57:16.566347,2018-07-17 10:57:16.566347
423,leroyfer,Leroy Fer,,,,,,,,2018-07-17 10:57:16.576821,2018-07-17 10:57:16.576821
424,pabloarmero,Pablo Armero,,,,,,,,2018-07-17 10:57:16.593337,2018-07-17 10:57:16.593337
425,teofilogutierrez,Teofilo Gutiérrez,,,,,,,,2018-07-17 10:57:16.596249,2018-07-17 10:57:16.596249
426,jamesrodriguez,James Rodríguez,,,,,,,,2018-07-17 10:57:16.599193,2018-07-17 10:57:16.599193
427,keisukehonda,Keisuke Honda,,,,,,,,2018-07-17 10:57:16.610062,2018-07-17 10:57:16.610062
428,wilfriedbony,Wilfried Bony,,,,,,,,2018-07-17 10:57:16.615079,2018-07-17 10:57:16.615079
429,gervinho,Gervinho,,,,,,,,2018-07-17 10:57:16.620138,2018-07-17 10:57:16.620138
430,juanquintero,Juan Quintero,,,,,,,,2018-07-17 10:57:16.633449,2018-07-17 10:57:16.633449
431,juancuadrado,Juan Cuadrado,,,,,,,,2018-07-17 10:57:16.656228,2018-07-17 10:57:16.656228
432,shinjiokazaki,Shinji Okazaki,,,,,,,,2018-07-17 10:57:16.659221,2018-07-17 10:57:16.659221
433,jacksonmartinez,Jackson Martínez,,,,,,,,2018-07-17 10:57:16.662136,2018-07-17 10:57:16.662136
434,andreassamaris,Andreas Samaris,,,,,,,,2018-07-17 10:57:16.681450,2018-07-17 10:57:16.681450
435,georgiossamaras,Georgios Samaras,,,,,,,,2018-07-17 10:57:16.687721,2018-07-17 10:57:16.687721
436,edinsoncavani,Edinson Cavani,,,,,,,,2018-07-17 10:57:16.700677,2018-07-17 10:57:16.700677
437,joelcampbell,Joel Campbell,,,,,,,,2018-07-17 10:57:16.703573,2018-07-17 10:57:16.703573
438,oscarduarte,Oscar Duarte,,,,,,,,2018-07-17 10:57:16.706392,2018-07-17 10:57:16.706392
439,marcosurena,Marcos Ureña,,,,,,,,2018-07-17 10:57:16.709782,2018-07-17 10:57:16.709782
440,claudiomarchisio,Claudio Marchisio,,,,,,,,2018-07-17 10:57:16.724938,2018-07-17 10:57:16.724938
441,danielsturridge,Daniel Sturridge,,,,,,,,2018-07-17 10:57:16.727883,2018-07-17 10:57:16.727883
442,mariobalotelli,Mario Balotelli,,,,,,,,2018-07-17 10:57:16.730755,2018-07-17 10:57:16.730755
443,luissuarez,Luis Suárez,,,,,,,,2018-07-17 10:57:16.743431,2018-07-17 10:57:16.743431
444,waynerooney,Wayne Rooney,,,,,,,,2018-07-17 10:57:16.748401,2018-07-17 10:57:16.748401
445,bryanruiz,Bryan Ruiz,,,,,,,,2018-07-17 10:57:16.761650,2018-07-17 10:57:16.761650
446,diegogodin,Diego Godín,,,,,,,,2018-07-17 10:57:16.772191,2018-07-17 10:57:16.772191
447,ennervalencia,Enner Valencia,,,,,,,,2018-07-17 10:57:16.793256,2018-07-17 10:57:16.793256
448,admirmehmedi,Admir Mehmedi,,,,,,,,2018-07-17 10:57:16.796187,2018-07-17 10:57:16.796187
449,harisseferovic,Haris Seferović,,,,,,,,2018-07-17 10:57:16.799151,2018-07-17 10:57:16.799151
450,karimbenzema,Karim Benzema,,,,,,,,2018-07-17 10:57:16.813053,2018-07-17 10:57:16.813053
451,noelvalladares,Noel Valladares,,,,,,,,2018-07-17 10:57:16.817714,2018-07-17 10:57:16.817714
452,oliviergiroud,Olivier Giroud,,,,,,,,2018-07-17 10:57:16.833865,2018-07-17 10:57:16.833865
453,blaisematuidi,Blaise Matuidi,,,,,,,,2018-07-17 10:57:16.836860,2018-07-17 10:57:16.836860
454,mathieuvalbuena,Mathieu Valbuena,,,,,,,,2018-07-17 10:57:16.840596,2018-07-17 10:57:16.840596
455,moussasissoko,Moussa Sissoko,,,,,,,,2018-07-17 10:57:16.847818,2018-07-17 10:57:16.847818
456,blerimdzemaili,Blerim Džemaili,,,,,,,,2018-07-17 10:57:16.851512,2018-07-17 10:57:16.851512
457,granitxhaka,Granit Xhaka,,,,,,,,2018-07-17 10:57:16.854320,2018-07-17 10:57:16.854320
458,carlocostly,Carlo Costly,,,,,,,,2018-07-17 10:57:16.866034,2018-07-17 10:57:16.866034
459,xherdanshaqiri,Xherdan Shaqiri,,,,,,,,2018-07-17 10:57:16.883832,2018-07-17 10:57:16.883832
460,seadkolasinac,Sead Kolašinac,,,,,,,,2018-07-17 10:57:16.903875,2018-07-17 10:57:16.903875
461,lionelmessi,Lionel Messi,,,,,,,,2018-07-17 10:57:16.908058,2018-07-17 10:57:16.908058
462,vedadibisevic,Vedad Ibišević,,,,,,,,2018-07-17 10:57:16.913458,2018-07-17 10:57:16.913458
463,peterodemwingie,Peter Odemwingie,,,,,,,,2018-07-17 10:57:16.943869,2018-07-17 10:57:16.943869
464,ahmedmusa,Ahmed Musa,,,,,,,,2018-07-17 10:57:16.959904,2018-07-17 10:57:16.959904
465,marcosrojo,Marcos Rojo,,,,,,,,2018-07-17 10:57:16.965410,2018-07-17 10:57:16.965410
466,edindzeko,Edin Džeko,,,,,,,,2018-07-17 10:57:16.981419,2018-07-17 10:57:16.981419
467,miralempjanic,Miralem Pjanić,,,,,,,,2018-07-17 10:57:16.984393,2018-07-17 10:57:16.984393
468,rezaghoochannejhad,Reza Ghoochannejhad,,,,,,,,2018-07-17 10:57:16.987296,2018-07-17 10:57:16.987296
469,avdijavrsajevic,Avdija Vršajević,,,,,,,,2018-07-17 10:57:16.990115,2018-07-17 10:57:16.990115
470,thomasmueller,Thomas Müller,,,,,,,,2018-07-17 10:57:17.002995,2018-07-17 10:57:17.002995
471,matshummels,Mats Hummels,,,,,,,,2018-07-17 10:57:17.008142,2018-07-17 10:57:17.008142
472,clintdempsey,Clint Dempsey,,,,,,,,2018-07-17 10:57:17.024683,2018-07-17 10:57:17.024683
473,andreayew,André Ayew,,,,,,,,2018-07-17 10:57:17.027635,2018-07-17 10:57:17.027635
474,johnbrooks,John Brooks,,,,,,,,2018-07-17 10:57:17.030492,2018-07-17 10:57:17.030492
475,mariogoetze,Mario Götze,,,,,,,,2018-07-17 10:57:17.046428,2018-07-17 10:57:17.046428
476,asamoahgyan,Asamoah Gyan,,,,,,,,2018-07-17 10:57:17.050796,2018-07-17 10:57:17.050796
477,miroslavklose,Miroslav Klose,,,,,,,,2018-07-17 10:57:17.053639,2018-07-17 10:57:17.053639
478,jermainejones,Jermaine Jones,,,,,,,,2018-07-17 10:57:17.068557,2018-07-17 10:57:17.068557
479,johnboye,John Boye,,,,,,,,2018-07-17 10:57:17.095267,2018-07-17 10:57:17.095267
480,cristianoronaldo,Cristiano Ronaldo,,,,,,,,2018-07-17 10:57:17.099624,2018-07-17 10:57:17.099624
481,sofianefeghouli,Sofiane Feghouli,,,,,,,,2018-07-17 10:57:17.115598,2018-07-17 10:57:17.115598
482,marouanefellaini,Marouane Fellaini,,,,,,,,2018-07-17 10:57:17.118646,2018-07-17 10:57:17.118646
483,driesmertens,Dries Mertens,,,,,,,,2018-07-17 10:57:17.121521,2018-07-17 10:57:17.121521
484,leekeunho,Lee Keunho,,,,,,,,2018-07-17 10:57:17.132871,2018-07-17 10:57:17.132871
485,alexanderkerzhakov,Alexander Kerzhakov,,,,,,,,2018-07-17 10:57:17.137865,2018-07-17 10:57:17.137865
486,divockorigi,Divock Origi,,,,,,,,2018-07-17 10:57:17.150386,2018-07-17 10:57:17.150386
487,islamslimani,Islam Slimani,,,,,,,,2018-07-17 10:57:17.168867,2018-07-17 10:57:17.168867
488,rafikhalliche,Rafik Halliche,,,,,,,,2018-07-17 10:57:17.174200,2018-07-17 10:57:17.174200
489,abdelmoumenedjabou,Abdelmoumene Djabou,,,,,,,,2018-07-17 10:57:17.177909,2018-07-17 10:57:17.177909
490,sonheungmin,Son Heung Min,,,,,,,,2018-07-17 10:57:17.180803,2018-07-17 10:57:17.180803
491,yacinebrahimi,Yacine Brahimi,,,,,,,,2018-07-17 10:57:17.183793,2018-07-17 10:57:17.183793
492,koojacheol,Koo Jacheol,,,,,,,,2018-07-17 10:57:17.186626,2018-07-17 10:57:17.186626
493,janvertonghen,Jan Vertonghen,,,,,,,,2018-07-17 10:57:17.196347,2018-07-17 10:57:17.196347
494,alexanderkokorin,Alexander Kokorin,,,,,,,,2018-07-17 10:57:17.210514,2018-07-17 10:57:17.210514
495,davidluiz,David Luiz,,,,,,,,2018-07-17 10:57:17.227554,2018-07-17 10:57:17.227554
496,giovanidossantos,Giovani dos Santos,,,,,,,,2018-07-17 10:57:17.251709,2018-07-17 10:57:17.251709
497,wesleysneijder,Wesley Sneijder,,,,,,,,2018-07-17 10:57:17.254507,2018-07-17 10:57:17.254507
498,klaasjanhuntelaar,Klaas Jan Huntelaar,,,,,,,,2018-07-17 10:57:17.257304,2018-07-17 10:57:17.257304
499,socratispapastathopoulos,Socratis Papastathopoulos,,,,,,,,2018-07-17 10:57:17.272380,2018-07-17 10:57:17.272380
500,paulpogba,Paul Pogba,,,,,,,,2018-07-17 10:57:17.282054,2018-07-17 10:57:17.282054
501,josephyobo,Joseph Yobo,,,,,,,,2018-07-17 10:57:17.285023,2018-07-17 10:57:17.285023
502,andreschuerrle,André Schürrle,,,,,,,,2018-07-17 10:57:17.294859,2018-07-17 10:57:17.294859
503,mesutoezil,Mesut Özil,,,,,,,,2018-07-17 10:57:17.299216,2018-07-17 10:57:17.299216
504,angeldimaria,Ángel di María,,,,,,,,2018-07-17 10:57:17.312280,2018-07-17 10:57:17.312280
505,kevindebruyne,Kevin De Bruyne,,,,,,,,2018-07-17 10:57:17.322811,2018-07-17 10:57:17.322811
506,romelulukaku,Romelu Lukaku,,,,,,,,2018-07-17 10:57:17.325776,2018-07-17 10:57:17.325776
507,juliangreen,Julian Green,,,,,,,,2018-07-17 10:57:17.329350,2018-07-17 10:57:17.329350
508,thiagosilva,Thiago Silva,,,,,,,,2018-07-17 10:57:17.344085,2018-07-17 10:57:17.344085
509,gonzalohiguain,Gonzalo Higuaín,,,,,,,,2018-07-17 10:57:17.371295,2018-07-17 10:57:17.371295
510,tonikroos,Toni Kroos,,,,,,,,2018-07-17 10:57:17.392434,2018-07-17 10:57:17.392434
511,samikhedira,Sami Khedira,,,,,,,,2018-07-17 10:57:17.398600,2018-07-17 10:57:17.398600
512,andreschuerrle,Andre Schürrle,,,,,,,,2018-07-17 10:57:17.403619,2018-07-17 10:57:17.403619
513,daleyblind,Daley Blind,,,,,,,,2018-07-17 10:57:17.423265,2018-07-17 10:57:17.423265
514,georginiowijnaldum,Georginio Wijnaldum,,,,,,,,2018-07-17 10:57:17.426238,2018-07-17 10:57:17.426238
515,gazinsky,Gazinsky,,,,,,,,2018-07-17 10:57:17.617611,2018-07-17 10:57:17.617611
516,cheryshev,Cheryshev,,,,,,,,2018-07-17 10:57:17.621207,2018-07-17 10:57:17.621207
517,dzyuba,Dzyuba,,,,,,,,2018-07-17 10:57:17.625357,2018-07-17 10:57:17.625357
518,golovin,Golovin,,,,,,,,2018-07-17 10:57:17.629656,2018-07-17 10:57:17.629656
519,gimenez,Giménez,,,,,,,,2018-07-17 10:57:17.643378,2018-07-17 10:57:17.643378
520,afathi,A. Fathi,,,,,,,,2018-07-17 10:57:17.656917,2018-07-17 10:57:17.656917
521,msalah,M. Salah,,,,,,,,2018-07-17 10:57:17.662455,2018-07-17 10:57:17.662455
522,lsuarez,L. Suárez,,,,,,,,2018-07-17 10:57:17.675599,2018-07-17 10:57:17.675599
523,ecavani,E. Cavani,,,,,,,,2018-07-17 10:57:17.690864,2018-07-17 10:57:17.690864
524,salmanalfaraj,Salman Al-Faraj,,,,,,,,2018-07-17 10:57:17.706524,2018-07-17 10:57:17.706524
525,salemaldawsari,Salem Al-Dawsari,,,,,,,,2018-07-17 10:57:17.710975,2018-07-17 10:57:17.710975
526,bouhaddouz,Bouhaddouz,,,,,,,,2018-07-17 10:57:17.721386,2018-07-17 10:57:17.721386
527,costa,Costa,,,,,,,,2018-07-17 10:57:17.743116,2018-07-17 10:57:17.743116
528,nacho,Nacho,,,,,,,,2018-07-17 10:57:17.749415,2018-07-17 10:57:17.749415
529,diegocosta,Diego Costa,,,,,,,,2018-07-17 10:57:17.776364,2018-07-17 10:57:17.776364
530,quaresma,Quaresma,,,,,,,,2018-07-17 10:57:17.787536,2018-07-17 10:57:17.787536
531,karimansarifard,Karim Ansarifard,,,,,,,,2018-07-17 10:57:17.790497,2018-07-17 10:57:17.790497
532,boutaib,Boutaib,,,,,,,,2018-07-17 10:57:17.809010,2018-07-17 10:57:17.809010
533,ennesyri,En-Nesyri,,,,,,,,2018-07-17 10:57:17.819752,2018-07-17 10:57:17.819752
534,iagoaspas,Iago Aspas,,,,,,,,2018-07-17 10:57:17.825034,2018-07-17 10:57:17.825034
535,griezmann,Griezmann,,,,,,,,2018-07-17 10:57:17.849139,2018-07-17 10:57:17.849139
536,behich,Behich,,,,,,,,2018-07-17 10:57:17.856459,2018-07-17 10:57:17.856459
537,poulsen,Poulsen,,,,,,,,2018-07-17 10:57:17.868050,2018-07-17 10:57:17.868050
538,eriksen,Eriksen,,,,,,,,2018-07-17 10:57:17.880190,2018-07-17 10:57:17.880190
539,mbappe,Mbappé,,,,,,,,2018-07-17 10:57:17.891844,2018-07-17 10:57:17.891844
540,carrillo,Carrillo,,,,,,,,2018-07-17 10:57:17.910422,2018-07-17 10:57:17.910422
541,guerrero,Guerrero,,,,,,,,2018-07-17 10:57:17.913316,2018-07-17 10:57:17.913316
542,agueero,Agüero,,,,,,,,2018-07-17 10:57:17.923728,2018-07-17 10:57:17.923728
543,finnbogason,Finnbogason,,,,,,,,2018-07-17 10:57:17.926627,2018-07-17 10:57:17.926627
544,etebo,Etebo,,,,,,,,2018-07-17 10:57:17.940495,2018-07-17 10:57:17.940495
545,modric,Modrić,,,,,,,,2018-07-17 10:57:17.943460,2018-07-17 10:57:17.943460
546,rebic,Rebić,,,,,,,,2018-07-17 10:57:17.954230,2018-07-17 10:57:17.954230
547,rakitic,Rakitić,,,,,,,,2018-07-17 10:57:17.958505,2018-07-17 10:57:17.958505
548,moses,Moses,,,,,,,,2018-07-17 10:57:17.985460,2018-07-17 10:57:17.985460
549,badelj,Badelj,,,,,,,,2018-07-17 10:57:17.999521,2018-07-17 10:57:17.999521
550,gsigurðsson,G. Sigurðsson,,,,,,,,2018-07-17 10:57:18.004242,2018-07-17 10:57:18.004242
551,kolarov,Kolarov,,,,,,,,2018-07-17 10:57:18.016162,2018-07-17 10:57:18.016162
552,coutinho,Coutinho,,,,,,,,2018-07-17 10:57:18.026469,2018-07-17 10:57:18.026469
553,zuber,Zuber,,,,,,,,2018-07-17 10:57:18.031478,2018-07-17 10:57:18.031478
554,mitrovic,Mitrović,,,,,,,,2018-07-17 10:57:18.054027,2018-07-17 10:57:18.054027
555,paulinho,Paulinho,,,,,,,,2018-07-17 10:57:18.072359,2018-07-17 10:57:18.072359
556,waston,Waston,,,,,,,,2018-07-17 10:57:18.087867,2018-07-17 10:57:18.087867
557,drmic,Drmić,,,,,,,,2018-07-17 10:57:18.090905,2018-07-17 10:57:18.090905
558,sommer,Sommer,,,,,,,,2018-07-17 10:57:18.095304,2018-07-17 10:57:18.095304
559,lozano,Lozano,,,,,,,,2018-07-17 10:57:18.108643,2018-07-17 10:57:18.108643
560,granqvist,Granqvist,,,,,,,,2018-07-17 10:57:18.118993,2018-07-17 10:57:18.118993
561,carlosv,Carlos V.,,,,,,,,2018-07-17 10:57:18.134065,2018-07-17 10:57:18.134065
562,jhernandez,J. Hernández,,,,,,,,2018-07-17 10:57:18.137152,2018-07-17 10:57:18.137152
563,sonheungmin,Son Heung-min,,,,,,,,2018-07-17 10:57:18.140069,2018-07-17 10:57:18.140069
564,toivonen,Toivonen,,,,,,,,2018-07-17 10:57:18.151772,2018-07-17 10:57:18.151772
565,reus,Reus,,,,,,,,2018-07-17 10:57:18.154761,2018-07-17 10:57:18.154761
566,kimyounggwon,Kim Young-gwon,,,,,,,,2018-07-17 10:57:18.171177,2018-07-17 10:57:18.171177
567,augustinsson,Augustinsson,,,,,,,,2018-07-17 10:57:18.184428,2018-07-17 10:57:18.184428
568,alvarez,Álvarez,,,,,,,,2018-07-17 10:57:18.188800,2018-07-17 10:57:18.188800
569,kane,Kane,,,,,,,,2018-07-17 10:57:18.218530,2018-07-17 10:57:18.218530
570,sassi,Sassi,,,,,,,,2018-07-17 10:57:18.221569,2018-07-17 10:57:18.221569
571,ehazard,E. Hazard,,,,,,,,2018-07-17 10:57:18.241163,2018-07-17 10:57:18.241163
572,rlukaku,R. Lukaku,,,,,,,,2018-07-17 10:57:18.244497,2018-07-17 10:57:18.244497
573,bronn,Bronn,,,,,,,,2018-07-17 10:57:18.247468,2018-07-17 10:57:18.247468
574,batshuayi,Batshuayi,,,,,,,,2018-07-17 10:57:18.252940,2018-07-17 10:57:18.252940
575,khazri,Khazri,,,,,,,,2018-07-17 10:57:18.256549,2018-07-17 10:57:18.256549
576,stones,Stones,,,,,,,,2018-07-17 10:57:18.276457,2018-07-17 10:57:18.276457
577,lingard,Lingard,,,,,,,,2018-07-17 10:57:18.280670,2018-07-17 10:57:18.280670
578,baloy,Baloy,,,,,,,,2018-07-17 10:57:18.287758,2018-07-17 10:57:18.287758
579,adnanjanuzaj,Adnan Januzaj,,,,,,,,2018-07-17 10:57:18.301435,2018-07-17 10:57:18.301435
580,yassinemeriah,Yassine Meriah,,,,,,,,2018-07-17 10:57:18.312390,2018-07-17 10:57:18.312390
581,fakhereedinebenyoussef,Fakhereedine Ben Youssef,,,,,,,,2018-07-17 10:57:18.315260,2018-07-17 10:57:18.315260
582,wahbikhazri,Wahbi Khazri,,,,,,,,2018-07-17 10:57:18.318041,2018-07-17 10:57:18.318041
583,kagawa,Kagawa,,,,,,,,2018-07-17 10:57:18.333829,2018-07-17 10:57:18.333829
584,jquintero,J. Quintero,,,,,,,,2018-07-17 10:57:18.336916,2018-07-17 10:57:18.336916
585,osako,Osako,,,,,,,,2018-07-17 10:57:18.339833,2018-07-17 10:57:18.339833
586,cionek,Cionek,,,,,,,,2018-07-17 10:57:18.351517,2018-07-17 10:57:18.351517
587,niang,Niang,,,,,,,,2018-07-17 10:57:18.356312,2018-07-17 10:57:18.356312
588,krychowiak,Krychowiak,,,,,,,,2018-07-17 10:57:18.361497,2018-07-17 10:57:18.361497
589,mane,Mané,,,,,,,,2018-07-17 10:57:18.374345,2018-07-17 10:57:18.374345
590,inui,Inui,,,,,,,,2018-07-17 10:57:18.377350,2018-07-17 10:57:18.377350
591,mwague,M. Wagué,,,,,,,,2018-07-17 10:57:18.380311,2018-07-17 10:57:18.380311
592,ymina,Y. Mina,,,,,,,,2018-07-17 10:57:18.397568,2018-07-17 10:57:18.397568
593,falcao,Falcao,,,,,,,,2018-07-17 10:57:18.400623,2018-07-17 10:57:18.400623
594,bednarek,Bednarek,,,,,,,,2018-07-17 10:57:18.412661,2018-07-17 10:57:18.412661
595,pepe,Pepe,,,,,,,,2018-07-17 10:57:18.442738,2018-07-17 10:57:18.442738
596,antoinegriezmann,Antoine Griezmann,,,,,,,,2018-07-17 10:57:18.460255,2018-07-17 10:57:18.460255
597,gabrielmercado,Gabriel Mercado,,,,,,,,2018-07-17 10:57:18.465508,2018-07-17 10:57:18.465508
598,benjaminpavard,Benjamin Pavard,,,,,,,,2018-07-17 10:57:18.468446,2018-07-17 10:57:18.468446
599,kylianmbappe,Kylian Mbappé,,,,,,,,2018-07-17 10:57:18.471508,2018-07-17 10:57:18.471508
600,sergioagueero,Sergio Agüero,,,,,,,,2018-07-17 10:57:18.475773,2018-07-17 10:57:18.475773
601,sergeiignashevich,Sergei Ignashevich,,,,,,,,2018-07-17 10:57:18.487553,2018-07-17 10:57:18.487553
602,artemdzyuba,Artem Dzyuba,,,,,,,,2018-07-17 10:57:18.492844,2018-07-17 10:57:18.492844
603,mathiasjorgensen,Mathias Jørgensen,,,,,,,,2018-07-17 10:57:18.506549,2018-07-17 10:57:18.506549
604,robertofirmino,Roberto Firmino,,,,,,,,2018-07-17 10:57:18.522104,2018-07-17 10:57:18.522104
605,genkiharaguchi,Genki Haraguchi,,,,,,,,2018-07-17 10:57:18.535503,2018-07-17 10:57:18.535503
606,takashiinui,Takashi Inui,,,,,,,,2018-07-17 10:57:18.538598,2018-07-17 10:57:18.538598
607,nacerchadli,Nacer Chadli,,,,,,,,2018-07-17 10:57:18.544337,2018-07-17 10:57:18.544337
608,emilforsberg,Emil Forsberg,,,,,,,,2018-07-17 10:57:18.556630,2018-07-17 10:57:18.556630
609,harrykane,Harry Kane,,,,,,,,2018-07-17 10:57:18.567438,2018-07-17 10:57:18.567438
610,yerrymina,Yerry Mina,,,,,,,,2018-07-17 10:57:18.570410,2018-07-17 10:57:18.570410
611,raphaelvarane,Raphaël Varane,,,,,,,,2018-07-17 10:57:18.581818,2018-07-17 10:57:18.581818
612,renatoaugusto,Renato Augusto,,,,,,,,2018-07-17 10:57:18.600407,2018-07-17 10:57:18.600407
613,denischeryshev,Denis Cheryshev,,,,,,,,2018-07-17 10:57:18.611799,2018-07-17 10:57:18.611799
614,andrejkramaric,Andrej Kramarić,,,,,,,,2018-07-17 10:57:18.615549,2018-07-17 10:57:18.615549
615,domagojvida,Domagoj Vida,,,,,,,,2018-07-17 10:57:18.620664,2018-07-17 10:57:18.620664
616,mariofigueirafernandes,Mário Figueira Fernandes,,,,,,,,2018-07-17 10:57:18.625346,2018-07-17 10:57:18.625346
617,harrymaguire,Harry Maguire,,,,,,,,2018-07-17 10:57:18.635225,2018-07-17 10:57:18.635225
618,delealli,Dele Alli,,,,,,,,2018-07-17 10:57:18.638206,2018-07-17 10:57:18.638206
619,samuelumtiti,Samuel Umtiti,,,,,,,,2018-07-17 10:57:18.648600,2018-07-17 10:57:18.648600
620,kierantrippier,Kieran Trippier,,,,,,,,2018-07-17 10:57:18.662183,2018-07-17 10:57:18.662183
621,thomasmeunier,Thomas Meunier,,,,,,,,2018-07-17 10:57:18.675646,2018-07-17 10:57:18.675646
622,edenhazard,Eden Hazard,,,,,,,,2018-07-17 10:57:18.678778,2018-07-17 10:57:18.678778
