id,event_id,title,title2,pos,knockout,start_at,end_at,auto,created_at,updated_at
1,1,Matchday 1,,1,f,1930-07-13,1930-07-13,t,2018-07-17 10:56:56.409145,2018-07-17 10:56:56.409145
2,1,Matchday 2,,2,f,1930-07-14,1930-07-14,t,2018-07-17 10:56:56.410664,2018-07-17 10:56:56.410664
3,1,Matchday 3,,3,f,1930-07-15,1930-07-15,t,2018-07-17 10:56:56.411857,2018-07-17 10:56:56.411857
4,1,Matchday 4,,4,f,1930-07-16,1930-07-16,t,2018-07-17 10:56:56.413006,2018-07-17 10:56:56.413006
5,1,Matchday 5,,5,f,1930-07-17,1930-07-17,t,2018-07-17 10:56:56.414067,2018-07-17 10:56:56.414067
6,1,Matchday 6,,6,f,1930-07-18,1930-07-18,t,2018-07-17 10:56:56.415141,2018-07-17 10:56:56.415141
7,1,Matchday 7,,7,f,1930-07-19,1930-07-19,t,2018-07-17 10:56:56.416171,2018-07-17 10:56:56.416171
8,1,Matchday 8,,8,f,1930-07-20,1930-07-20,t,2018-07-17 10:56:56.417233,2018-07-17 10:56:56.417233
9,1,Matchday 9,,9,f,1930-07-21,1930-07-21,t,2018-07-17 10:56:56.418317,2018-07-17 10:56:56.418317
10,1,Matchday 10,,10,f,1930-07-22,1930-07-22,t,2018-07-17 10:56:56.419398,2018-07-17 10:56:56.419398
11,1,Semi-finals,,11,t,1930-07-26,1930-07-27,t,2018-07-17 10:56:56.420464,2018-07-17 10:56:56.420464
12,1,Final,,12,t,1930-07-30,1930-07-30,t,2018-07-17 10:56:56.421574,2018-07-17 10:56:56.421574
13,2,Preliminary round,,1,f,1934-05-27,1934-05-27,t,2018-07-17 10:56:57.402546,2018-07-17 10:56:57.748742
14,2,Quarter-finals,,2,t,1934-05-31,1934-05-31,t,2018-07-17 10:56:57.604350,2018-07-17 10:56:57.752062
15,2,Quarter-finals replays,,3,t,1934-06-01,1934-06-01,t,2018-07-17 10:56:57.672075,2018-07-17 10:56:57.754358
16,2,Semi-finals,,4,t,1934-06-03,1934-06-03,t,2018-07-17 10:56:57.681426,2018-07-17 10:56:57.756492
17,2,Third-place match,,5,t,1934-06-07,1934-06-07,t,2018-07-17 10:56:57.708095,2018-07-17 10:56:57.758269
18,2,Final,,6,t,1934-06-10,1934-06-10,t,2018-07-17 10:56:57.733445,2018-07-17 10:56:57.760074
19,3,First round,,1,f,1938-06-04,1938-06-05,t,2018-07-17 10:56:57.789414,2018-07-17 10:56:58.141530
20,3,First round replays,,2,f,1938-06-09,1938-06-09,t,2018-07-17 10:56:57.936152,2018-07-17 10:56:58.144189
21,3,Quarter-finals,,3,t,1938-06-12,1938-06-12,t,2018-07-17 10:56:57.981820,2018-07-17 10:56:58.146112
22,3,Quarter-finals replays,,4,t,1938-06-14,1938-06-14,t,2018-07-17 10:56:58.053411,2018-07-17 10:56:58.147974
23,3,Semi-finals,,5,t,1938-06-16,1938-06-16,t,2018-07-17 10:56:58.067220,2018-07-17 10:56:58.149840
24,3,Match for third place,,6,t,1938-06-19,1938-06-19,t,2018-07-17 10:56:58.100389,2018-07-17 10:56:58.151657
25,3,Final,,7,t,1938-06-19,1938-06-19,t,2018-07-17 10:56:58.120204,2018-07-17 10:56:58.153396
26,4,Matchday 1,,1,f,1950-06-24,1950-06-24,t,2018-07-17 10:56:58.231006,2018-07-17 10:56:58.772980
27,4,Matchday 2,,2,f,1950-06-25,1950-06-25,t,2018-07-17 10:56:58.271435,2018-07-17 10:56:58.773817
28,4,Matchday 3,,3,f,1950-06-28,1950-06-28,t,2018-07-17 10:56:58.308612,2018-07-17 10:56:58.774652
29,4,Matchday 5,,5,f,1950-07-01,1950-07-01,t,2018-07-17 10:56:58.371574,2018-07-17 10:56:58.776214
30,4,Matchday 6,,6,f,1950-07-02,1950-07-02,t,2018-07-17 10:56:58.407844,2018-07-17 10:56:58.777013
31,4,Matchday 4,,4,f,1950-06-29,1950-06-29,t,2018-07-17 10:56:58.486446,2018-07-17 10:56:58.775428
32,4,Final Round,,7,t,1950-07-09,1950-07-16,t,2018-07-17 10:56:58.652549,2018-07-17 10:56:58.780873
33,5,Matchday 1,,1,f,1954-06-16,1954-06-16,t,2018-07-17 10:56:58.872344,2018-07-17 10:56:59.082944
34,5,Matchday 3,,3,f,1954-06-19,1954-06-19,t,2018-07-17 10:56:58.904491,2018-07-17 10:56:59.084486
35,5,Matchday 2,,2,f,1954-06-17,1954-06-17,t,2018-07-17 10:56:58.937548,2018-07-17 10:56:59.083750
36,5,Matchday 4,,4,f,1954-06-20,1954-06-20,t,2018-07-17 10:56:58.970568,2018-07-17 10:56:59.085238
37,5,Group-2 Play-off,,5,t,1954-06-23,1954-06-23,t,2018-07-17 10:56:58.978086,2018-07-17 10:56:59.085968
38,5,Group-4 Play-off,,6,t,1954-06-23,1954-06-23,t,2018-07-17 10:56:59.028179,2018-07-17 10:56:59.086709
39,5,Quarter-finals,,7,t,1954-06-26,1954-06-27,t,2018-07-17 10:56:59.036652,2018-07-17 10:56:59.087421
40,5,Semi-finals,,8,t,1954-06-30,1954-06-30,t,2018-07-17 10:56:59.050654,2018-07-17 10:56:59.088116
41,5,Third-place match,,9,t,1954-07-03,1954-07-03,t,2018-07-17 10:56:59.062182,2018-07-17 10:56:59.088867
42,5,Final,,10,t,1954-07-04,1954-07-04,t,2018-07-17 10:56:59.066649,2018-07-17 10:56:59.089566
43,6,Matchday 1,,1,f,1958-06-08,1958-06-08,t,2018-07-17 10:56:59.190155,2018-07-17 10:56:59.475138
44,6,Matchday 2,,2,f,1958-06-11,1958-06-11,t,2018-07-17 10:56:59.228971,2018-07-17 10:56:59.475976
45,6,Matchday 4,,4,f,1958-06-15,1958-06-15,t,2018-07-17 10:56:59.268704,2018-07-17 10:56:59.477562
46,6,Group-1 Play-off,,5,t,1958-06-17,1958-06-17,t,2018-07-17 10:56:59.276336,2018-07-17 10:56:59.478309
47,6,Matchday 3,,3,f,1958-06-12,1958-06-12,t,2018-07-17 10:56:59.366558,2018-07-17 10:56:59.476783
48,6,Group-3 Play-off,,6,t,1958-06-17,1958-06-17,t,2018-07-17 10:56:59.378709,2018-07-17 10:56:59.479054
49,6,Group-4 Play-off,,7,t,1958-06-17,1958-06-17,t,2018-07-17 10:56:59.417269,2018-07-17 10:56:59.479797
50,6,Quarter-finals,,8,t,1958-06-19,1958-06-19,t,2018-07-17 10:56:59.424171,2018-07-17 10:56:59.480544
51,6,Semi-finals,,9,t,1958-06-24,1958-06-24,t,2018-07-17 10:56:59.440133,2018-07-17 10:56:59.481315
52,6,Match for third place,,10,t,1958-06-28,1958-06-28,t,2018-07-17 10:56:59.450640,2018-07-17 10:56:59.482052
53,6,Final,,11,t,1958-06-29,1958-06-29,t,2018-07-17 10:56:59.456632,2018-07-17 10:56:59.482794
54,7,Matchday 1,,1,f,1962-05-30,1962-05-30,t,2018-07-17 10:56:59.592762,2018-07-17 10:56:59.967583
55,7,Matchday 2,,2,f,1962-05-31,1962-05-31,t,2018-07-17 10:56:59.632550,2018-07-17 10:56:59.968350
56,7,Matchday 3,,3,f,1962-06-02,1962-06-02,t,2018-07-17 10:56:59.672976,2018-07-17 10:56:59.969114
57,7,Matchday 4,,4,f,1962-06-03,1962-06-03,t,2018-07-17 10:56:59.717998,2018-07-17 10:56:59.969883
58,7,Matchday 5,,5,f,1962-06-06,1962-06-06,t,2018-07-17 10:56:59.760215,2018-07-17 10:56:59.970712
59,7,Matchday 6,,6,f,1962-06-07,1962-06-07,t,2018-07-17 10:56:59.807377,2018-07-17 10:56:59.971449
60,7,Quarter-finals,,7,t,1962-06-10,1962-06-10,t,2018-07-17 10:56:59.922758,2018-07-17 10:56:59.972214
61,7,Semi-finals,,8,t,1962-06-13,1962-06-13,t,2018-07-17 10:56:59.937421,2018-07-17 10:56:59.972925
62,7,Third-place match,,9,t,1962-06-16,1962-06-16,t,2018-07-17 10:56:59.949493,2018-07-17 10:56:59.973608
63,7,Final,,10,t,1962-06-17,1962-06-17,t,2018-07-17 10:56:59.954723,2018-07-17 10:56:59.974315
64,8,Matchday 1,,1,f,1966-07-11,1966-07-11,t,2018-07-17 10:57:00.092193,2018-07-17 10:57:00.525483
65,8,Matchday 3,,3,f,1966-07-13,1966-07-13,t,2018-07-17 10:57:00.140043,2018-07-17 10:57:00.527091
66,8,Matchday 4,,4,f,1966-07-15,1966-07-15,t,2018-07-17 10:57:00.187685,2018-07-17 10:57:00.527875
67,8,Matchday 5,,5,f,1966-07-16,1966-07-16,t,2018-07-17 10:57:00.235054,2018-07-17 10:57:00.528640
68,8,Matchday 6,,6,f,1966-07-19,1966-07-19,t,2018-07-17 10:57:00.286847,2018-07-17 10:57:00.529403
69,8,Matchday 7,,7,f,1966-07-20,1966-07-20,t,2018-07-17 10:57:00.339388,2018-07-17 10:57:00.530221
70,8,Matchday 2,,2,f,1966-07-12,1966-07-12,t,2018-07-17 10:57:00.389174,2018-07-17 10:57:00.526306
71,8,Quarter-finals,,8,t,1966-07-23,1966-07-23,t,2018-07-17 10:57:00.481548,2018-07-17 10:57:00.531085
72,8,Semi-finals,,9,t,1966-07-25,1966-07-26,t,2018-07-17 10:57:00.496068,2018-07-17 10:57:00.531883
73,8,Third-place match,,10,t,1966-07-28,1966-07-28,t,2018-07-17 10:57:00.507151,2018-07-17 10:57:00.535934
74,8,Final,,11,t,1966-07-30,1966-07-30,t,2018-07-17 10:57:00.512165,2018-07-17 10:57:00.536799
75,9,Matchday 1,,1,f,1970-05-31,1970-05-31,t,2018-07-17 10:57:00.654943,2018-07-17 10:57:01.137034
76,9,Matchday 3,,3,f,1970-06-03,1970-06-03,t,2018-07-17 10:57:00.709835,2018-07-17 10:57:01.138698
77,9,Matchday 4,,4,f,1970-06-06,1970-06-06,t,2018-07-17 10:57:00.764240,2018-07-17 10:57:01.139455
78,9,Matchday 5,,5,f,1970-06-07,1970-06-07,t,2018-07-17 10:57:00.824266,2018-07-17 10:57:01.140196
79,9,Matchday 6,,6,f,1970-06-10,1970-06-10,t,2018-07-17 10:57:00.881836,2018-07-17 10:57:01.140960
80,9,Matchday 7,,7,f,1970-06-11,1970-06-11,t,2018-07-17 10:57:00.937599,2018-07-17 10:57:01.141831
81,9,Matchday 2,,2,f,1970-06-02,1970-06-02,t,2018-07-17 10:57:00.993031,2018-07-17 10:57:01.137879
82,9,Quarter-finals,,8,t,1970-06-14,1970-06-14,t,2018-07-17 10:57:01.091665,2018-07-17 10:57:01.142643
83,9,Semi-finals,,9,t,1970-06-17,1970-06-17,t,2018-07-17 10:57:01.110428,2018-07-17 10:57:01.143366
84,9,Match for third place,,10,t,1970-06-20,1970-06-20,t,2018-07-17 10:57:01.118533,2018-07-17 10:57:01.144063
85,9,Final,,11,t,1970-06-21,1970-06-21,t,2018-07-17 10:57:01.123248,2018-07-17 10:57:01.144774
86,10,Matchday 2,,2,f,1974-06-14,1974-06-14,t,2018-07-17 10:57:01.277393,2018-07-17 10:57:02.017737
87,10,Matchday 4,,4,f,1974-06-18,1974-06-18,t,2018-07-17 10:57:01.330465,2018-07-17 10:57:02.019247
88,10,Matchday 6,,6,f,1974-06-22,1974-06-22,t,2018-07-17 10:57:01.384209,2018-07-17 10:57:02.020796
89,10,Matchday 1,,1,f,1974-06-13,1974-06-13,t,2018-07-17 10:57:01.436410,2018-07-17 10:57:02.016948
90,10,Matchday 3,,3,f,1974-06-15,1974-06-15,t,2018-07-17 10:57:01.530820,2018-07-17 10:57:02.018510
91,10,Matchday 5,,5,f,1974-06-19,1974-06-19,t,2018-07-17 10:57:01.601121,2018-07-17 10:57:02.019995
92,10,Matchday 7,,7,f,1974-06-23,1974-06-23,t,2018-07-17 10:57:01.671994,2018-07-17 10:57:02.021635
93,10,Matchday 8,,8,f,1974-06-26,1974-06-26,t,2018-07-17 10:57:01.808344,2018-07-17 10:57:02.022402
94,10,Matchday 9,,9,f,1974-06-30,1974-06-30,t,2018-07-17 10:57:01.882597,2018-07-17 10:57:02.023157
95,10,Matchday 10,,10,f,1974-07-03,1974-07-03,t,2018-07-17 10:57:01.954128,2018-07-17 10:57:02.023909
96,10,Match for third place,,11,t,1974-07-06,1974-07-06,t,2018-07-17 10:57:01.998304,2018-07-17 10:57:02.024628
97,10,Final,,12,t,1974-07-07,1974-07-07,t,2018-07-17 10:57:02.007197,2018-07-17 10:57:02.025333
98,11,Matchday 2,,2,f,1978-06-02,1978-06-02,t,2018-07-17 10:57:02.156190,2018-07-17 10:57:02.938947
99,11,Matchday 4,,4,f,1978-06-06,1978-06-06,t,2018-07-17 10:57:02.235762,2018-07-17 10:57:02.940654
100,11,Matchday 6,,6,f,1978-06-10,1978-06-10,t,2018-07-17 10:57:02.309576,2018-07-17 10:57:02.942195
101,11,Matchday 1,,1,f,1978-06-01,1978-06-01,t,2018-07-17 10:57:02.382626,2018-07-17 10:57:02.938116
102,11,Matchday 3,,3,f,1978-06-03,1978-06-03,t,2018-07-17 10:57:02.481727,2018-07-17 10:57:02.939845
103,11,Matchday 5,,5,f,1978-06-07,1978-06-07,t,2018-07-17 10:57:02.557729,2018-07-17 10:57:02.941420
104,11,Matchday 7,,7,f,1978-06-11,1978-06-11,t,2018-07-17 10:57:02.635671,2018-07-17 10:57:02.942969
105,11,Matchday 8,,8,f,1978-06-14,1978-06-14,t,2018-07-17 10:57:02.754413,2018-07-17 10:57:02.943696
106,11,Matchday 9,,9,f,1978-06-18,1978-06-18,t,2018-07-17 10:57:02.815085,2018-07-17 10:57:02.944532
107,11,Matchday 10,,10,f,1978-06-21,1978-06-21,t,2018-07-17 10:57:02.881359,2018-07-17 10:57:02.945281
108,11,Third place match,,11,t,1978-06-24,1978-06-24,t,2018-07-17 10:57:02.921059,2018-07-17 10:57:02.946021
109,11,Final,,12,t,1978-06-25,1978-06-25,t,2018-07-17 10:57:02.928482,2018-07-17 10:57:02.946782
110,12,Matchday 2,,2,f,1982-06-14,1982-06-14,t,2018-07-17 10:57:03.119289,2018-07-17 10:57:04.839388
111,12,Matchday 3,,3,f,1982-06-15,1982-06-15,t,2018-07-17 10:57:03.194469,2018-07-17 10:57:04.840196
112,12,Matchday 6,,6,f,1982-06-18,1982-06-18,t,2018-07-17 10:57:03.271609,2018-07-17 10:57:04.842622
113,12,Matchday 7,,7,f,1982-06-19,1982-06-19,t,2018-07-17 10:57:03.354633,2018-07-17 10:57:04.843382
114,12,Matchday 10,,10,f,1982-06-22,1982-06-22,t,2018-07-17 10:57:03.430727,2018-07-17 10:57:04.845682
115,12,Matchday 11,,11,f,1982-06-23,1982-06-23,t,2018-07-17 10:57:03.507289,2018-07-17 10:57:04.846434
116,12,Matchday 4,,4,f,1982-06-16,1982-06-16,t,2018-07-17 10:57:03.592213,2018-07-17 10:57:04.840996
117,12,Matchday 5,,5,f,1982-06-17,1982-06-17,t,2018-07-17 10:57:03.670710,2018-07-17 10:57:04.841799
118,12,Matchday 8,,8,f,1982-06-20,1982-06-20,t,2018-07-17 10:57:03.752919,2018-07-17 10:57:04.844135
119,12,Matchday 9,,9,f,1982-06-21,1982-06-21,t,2018-07-17 10:57:03.838804,2018-07-17 10:57:04.844888
120,12,Matchday 12,,12,f,1982-06-24,1982-06-24,t,2018-07-17 10:57:03.922106,2018-07-17 10:57:04.847183
121,12,Matchday 13,,13,f,1982-06-25,1982-06-25,t,2018-07-17 10:57:04.007690,2018-07-17 10:57:04.847931
122,12,Matchday 1,,1,f,1982-06-13,1982-06-13,t,2018-07-17 10:57:04.092050,2018-07-17 10:57:04.838538
123,12,Matchday 14,,14,f,1982-06-28,1982-06-28,t,2018-07-17 10:57:04.336679,2018-07-17 10:57:04.848679
124,12,Matchday 16,,16,f,1982-07-01,1982-07-01,t,2018-07-17 10:57:04.423481,2018-07-17 10:57:04.850174
125,12,Matchday 18,,18,f,1982-07-04,1982-07-04,t,2018-07-17 10:57:04.510615,2018-07-17 10:57:04.851748
126,12,Matchday 15,,15,f,1982-06-29,1982-06-29,t,2018-07-17 10:57:04.597631,2018-07-17 10:57:04.849420
127,12,Matchday 17,,17,f,1982-07-02,1982-07-02,t,2018-07-17 10:57:04.687008,2018-07-17 10:57:04.850930
128,12,Matchday 19,,19,f,1982-07-05,1982-07-05,t,2018-07-17 10:57:04.772319,2018-07-17 10:57:04.852508
129,12,Semi-finals,,20,t,1982-07-08,1982-07-08,t,2018-07-17 10:57:04.809344,2018-07-17 10:57:04.853235
130,12,Third place match,,21,t,1982-07-10,1982-07-10,t,2018-07-17 10:57:04.820872,2018-07-17 10:57:04.853943
131,12,Final,,22,t,1982-07-11,1982-07-11,t,2018-07-17 10:57:04.826821,2018-07-17 10:57:04.854660
132,13,Matchday 1,,1,f,1986-05-31,1986-05-31,t,2018-07-17 10:57:05.039792,2018-07-17 10:57:06.254769
133,13,Matchday 3,,3,f,1986-06-02,1986-06-02,t,2018-07-17 10:57:05.134629,2018-07-17 10:57:06.258126
134,13,Matchday 6,,6,f,1986-06-05,1986-06-05,t,2018-07-17 10:57:05.225503,2018-07-17 10:57:06.262117
135,13,Matchday 11,,11,f,1986-06-10,1986-06-10,t,2018-07-17 10:57:05.303855,2018-07-17 10:57:06.266355
136,13,Matchday 4,,4,f,1986-06-03,1986-06-03,t,2018-07-17 10:57:05.377258,2018-07-17 10:57:06.259635
137,13,Matchday 5,,5,f,1986-06-04,1986-06-04,t,2018-07-17 10:57:05.463404,2018-07-17 10:57:06.260852
138,13,Matchday 8,,8,f,1986-06-07,1986-06-07,t,2018-07-17 10:57:05.554110,2018-07-17 10:57:06.263963
139,13,Matchday 9,,9,f,1986-06-08,1986-06-08,t,2018-07-17 10:57:05.648253,2018-07-17 10:57:06.264811
140,13,Matchday 12,,12,f,1986-06-11,1986-06-11,t,2018-07-17 10:57:05.746676,2018-07-17 10:57:06.267151
141,13,Matchday 2,,2,f,1986-06-01,1986-06-01,t,2018-07-17 10:57:05.848766,2018-07-17 10:57:06.256183
142,13,Matchday 7,,7,f,1986-06-06,1986-06-06,t,2018-07-17 10:57:05.937775,2018-07-17 10:57:06.263197
143,13,Matchday 10,,10,f,1986-06-09,1986-06-09,t,2018-07-17 10:57:06.008087,2018-07-17 10:57:06.265597
144,13,Matchday 13,,13,f,1986-06-12,1986-06-12,t,2018-07-17 10:57:06.111595,2018-07-17 10:57:06.267904
145,13,Matchday 14,,14,f,1986-06-13,1986-06-13,t,2018-07-17 10:57:06.211099,2018-07-17 10:57:06.268650
146,13,Round of 16,,15,t,1986-06-15,1986-06-18,t,2018-07-17 10:57:06.273834,2018-07-17 10:57:06.344467
147,13,Quarter-finals,,16,t,1986-06-21,1986-06-22,t,2018-07-17 10:57:06.309044,2018-07-17 10:57:06.346378
148,13,Semi-finals,,17,t,1986-06-25,1986-06-25,t,2018-07-17 10:57:06.325332,2018-07-17 10:57:06.348187
149,13,Third place match,,18,t,1986-06-28,1986-06-28,t,2018-07-17 10:57:06.333428,2018-07-17 10:57:06.349919
150,13,Final,,19,t,1986-06-29,1986-06-29,t,2018-07-17 10:57:06.338224,2018-07-17 10:57:06.351706
151,14,Matchday 2,,2,f,1990-06-09,1990-06-09,t,2018-07-17 10:57:06.550224,2018-07-17 10:57:08.062350
152,14,Matchday 3,,3,f,1990-06-10,1990-06-10,t,2018-07-17 10:57:06.660236,2018-07-17 10:57:08.063599
153,14,Matchday 7,,7,f,1990-06-14,1990-06-14,t,2018-07-17 10:57:06.761192,2018-07-17 10:57:08.067486
154,14,Matchday 8,,8,f,1990-06-15,1990-06-15,t,2018-07-17 10:57:06.866573,2018-07-17 10:57:08.068315
155,14,Matchday 12,,12,f,1990-06-19,1990-06-19,t,2018-07-17 10:57:06.966739,2018-07-17 10:57:08.071368
156,14,Matchday 1,,1,f,1990-06-08,1990-06-08,t,2018-07-17 10:57:07.078674,2018-07-17 10:57:08.060678
157,14,Matchday 6,,6,f,1990-06-13,1990-06-13,t,2018-07-17 10:57:07.189932,2018-07-17 10:57:08.066677
158,14,Matchday 11,,11,f,1990-06-18,1990-06-18,t,2018-07-17 10:57:07.306926,2018-07-17 10:57:08.070603
159,14,Matchday 4,,4,f,1990-06-11,1990-06-11,t,2018-07-17 10:57:07.429311,2018-07-17 10:57:08.064713
160,14,Matchday 9,,9,f,1990-06-16,1990-06-16,t,2018-07-17 10:57:07.534450,2018-07-17 10:57:08.069086
161,14,Matchday 13,,13,f,1990-06-20,1990-06-20,t,2018-07-17 10:57:07.650141,2018-07-17 10:57:08.072144
162,14,Matchday 5,,5,f,1990-06-12,1990-06-12,t,2018-07-17 10:57:07.796291,2018-07-17 10:57:08.065779
163,14,Matchday 10,,10,f,1990-06-17,1990-06-17,t,2018-07-17 10:57:07.900034,2018-07-17 10:57:08.069841
164,14,Matchday 14,,14,f,1990-06-21,1990-06-21,t,2018-07-17 10:57:08.017021,2018-07-17 10:57:08.072897
165,14,Round of 16,,15,t,1990-06-23,1990-06-26,t,2018-07-17 10:57:08.078099,2018-07-17 10:57:08.147031
166,14,Quarter-finals,,16,t,1990-06-30,1990-07-01,t,2018-07-17 10:57:08.111990,2018-07-17 10:57:08.148882
167,14,Semi-finals,,17,t,1990-07-03,1990-07-04,t,2018-07-17 10:57:08.127810,2018-07-17 10:57:08.150729
168,14,Third place match,,18,t,1990-07-07,1990-07-07,t,2018-07-17 10:57:08.136091,2018-07-17 10:57:08.152476
169,14,Final,,19,t,1990-07-08,1990-07-08,t,2018-07-17 10:57:08.140940,2018-07-17 10:57:08.154232
170,15,Matchday 2,,2,f,1994-06-18,1994-06-18,t,2018-07-17 10:57:08.370348,2018-07-17 10:57:10.049356
171,15,Matchday 6,,6,f,1994-06-22,1994-06-22,t,2018-07-17 10:57:08.506318,2018-07-17 10:57:10.052545
172,15,Matchday 10,,10,f,1994-06-26,1994-06-26,t,2018-07-17 10:57:08.638730,2018-07-17 10:57:10.055811
173,15,Matchday 3,,3,f,1994-06-19,1994-06-19,t,2018-07-17 10:57:08.763318,2018-07-17 10:57:10.050140
174,15,Matchday 4,,4,f,1994-06-20,1994-06-20,t,2018-07-17 10:57:08.886209,2018-07-17 10:57:10.050938
175,15,Matchday 8,,8,f,1994-06-24,1994-06-24,t,2018-07-17 10:57:09.005618,2018-07-17 10:57:10.054153
176,15,Matchday 12,,12,f,1994-06-28,1994-06-28,t,2018-07-17 10:57:09.123795,2018-07-17 10:57:10.057311
177,15,Matchday 1,,1,f,1994-06-17,1994-06-17,t,2018-07-17 10:57:09.236728,2018-07-17 10:57:10.048476
178,15,Matchday 5,,5,f,1994-06-21,1994-06-21,t,2018-07-17 10:57:09.357508,2018-07-17 10:57:10.051713
179,15,Matchday 7,,7,f,1994-06-23,1994-06-23,t,2018-07-17 10:57:09.477300,2018-07-17 10:57:10.053361
180,15,Matchday 11,,11,f,1994-06-27,1994-06-27,t,2018-07-17 10:57:09.597155,2018-07-17 10:57:10.056565
181,15,Matchday 9,,9,f,1994-06-25,1994-06-25,t,2018-07-17 10:57:09.730977,2018-07-17 10:57:10.054980
182,15,Matchday 14,,14,f,1994-06-30,1994-06-30,t,2018-07-17 10:57:09.859868,2018-07-17 10:57:10.058864
183,15,Matchday 13,,13,f,1994-06-29,1994-06-29,t,2018-07-17 10:57:10.040151,2018-07-17 10:57:10.058072
184,15,Round of 16,,15,t,1994-07-02,1994-07-05,t,2018-07-17 10:57:10.066475,2018-07-17 10:57:10.138760
185,15,Quarter-finals,,16,t,1994-07-09,1994-07-10,t,2018-07-17 10:57:10.104553,2018-07-17 10:57:10.140679
186,15,Semi-finals,,17,t,1994-07-13,1994-07-13,t,2018-07-17 10:57:10.119643,2018-07-17 10:57:10.142604
187,15,Third-place match,,18,t,1994-07-16,1994-07-16,t,2018-07-17 10:57:10.127772,2018-07-17 10:57:10.144374
188,15,Final,,19,t,1994-07-17,1994-07-17,t,2018-07-17 10:57:10.132251,2018-07-17 10:57:10.146252
189,16,Matchday 1,,1,f,1998-06-10,1998-06-10,t,2018-07-17 10:57:10.397277,2018-07-17 10:57:12.566328
190,16,Matchday 7,,7,f,1998-06-16,1998-06-16,t,2018-07-17 10:57:10.530206,2018-07-17 10:57:12.571365
191,16,Matchday 14,,14,f,1998-06-23,1998-06-23,t,2018-07-17 10:57:10.670058,2018-07-17 10:57:12.576884
192,16,Matchday 2,,2,f,1998-06-11,1998-06-11,t,2018-07-17 10:57:10.810646,2018-07-17 10:57:12.567233
193,16,Matchday 8,,8,f,1998-06-17,1998-06-17,t,2018-07-17 10:57:10.952648,2018-07-17 10:57:12.572170
194,16,Matchday 3,,3,f,1998-06-12,1998-06-12,t,2018-07-17 10:57:11.096234,2018-07-17 10:57:12.568049
195,16,Matchday 9,,9,f,1998-06-18,1998-06-18,t,2018-07-17 10:57:11.235536,2018-07-17 10:57:12.572970
196,16,Matchday 15,,15,f,1998-06-24,1998-06-24,t,2018-07-17 10:57:11.371478,2018-07-17 10:57:12.577915
197,16,Matchday 4,,4,f,1998-06-13,1998-06-13,t,2018-07-17 10:57:11.515264,2018-07-17 10:57:12.568896
198,16,Matchday 10,,10,f,1998-06-19,1998-06-19,t,2018-07-17 10:57:11.646460,2018-07-17 10:57:12.573737
199,16,Matchday 11,,11,f,1998-06-20,1998-06-20,t,2018-07-17 10:57:11.807477,2018-07-17 10:57:12.574499
200,16,Matchday 16,,16,f,1998-06-25,1998-06-25,t,2018-07-17 10:57:11.949073,2018-07-17 10:57:12.579131
201,16,Matchday 5,,5,f,1998-06-14,1998-06-14,t,2018-07-17 10:57:12.077289,2018-07-17 10:57:12.569704
202,16,Matchday 6,,6,f,1998-06-15,1998-06-15,t,2018-07-17 10:57:12.179741,2018-07-17 10:57:12.570528
203,16,Matchday 12,,12,f,1998-06-21,1998-06-21,t,2018-07-17 10:57:12.282527,2018-07-17 10:57:12.575238
204,16,Matchday 13,,13,f,1998-06-22,1998-06-22,t,2018-07-17 10:57:12.412463,2018-07-17 10:57:12.576039
205,16,Matchday 17,,17,f,1998-06-26,1998-06-26,t,2018-07-17 10:57:12.519505,2018-07-17 10:57:12.580444
206,16,Round of 16,,18,t,1998-06-27,1998-06-30,t,2018-07-17 10:57:12.588633,2018-07-17 10:57:12.660987
207,16,Quarter-finals,,19,t,1998-07-03,1998-07-04,t,2018-07-17 10:57:12.623246,2018-07-17 10:57:12.662924
208,16,Semi-finals,,20,t,1998-07-07,1998-07-08,t,2018-07-17 10:57:12.639360,2018-07-17 10:57:12.664729
209,16,Third place match,,21,t,1998-07-11,1998-07-11,t,2018-07-17 10:57:12.648849,2018-07-17 10:57:12.666516
210,16,Final,,22,t,1998-07-12,1998-07-12,t,2018-07-17 10:57:12.654354,2018-07-17 10:57:12.668280
211,17,Matchday 1,,1,f,2002-05-31,2002-05-31,t,2018-07-17 10:57:12.924878,2018-07-17 10:57:15.088270
212,17,Matchday 2,,2,f,2002-06-01,2002-06-01,t,2018-07-17 10:57:13.073784,2018-07-17 10:57:15.089129
213,17,Matchday 7,,7,f,2002-06-06,2002-06-06,t,2018-07-17 10:57:13.211183,2018-07-17 10:57:15.092950
214,17,Matchday 12,,12,f,2002-06-11,2002-06-11,t,2018-07-17 10:57:13.359097,2018-07-17 10:57:15.096632
215,17,Matchday 3,,3,f,2002-06-02,2002-06-02,t,2018-07-17 10:57:13.507466,2018-07-17 10:57:15.089888
216,17,Matchday 8,,8,f,2002-06-07,2002-06-07,t,2018-07-17 10:57:13.656846,2018-07-17 10:57:15.093677
217,17,Matchday 9,,9,f,2002-06-08,2002-06-08,t,2018-07-17 10:57:13.796747,2018-07-17 10:57:15.094419
218,17,Matchday 13,,13,f,2002-06-12,2002-06-12,t,2018-07-17 10:57:13.944428,2018-07-17 10:57:15.097351
219,17,Matchday 4,,4,f,2002-06-03,2002-06-03,t,2018-07-17 10:57:14.090631,2018-07-17 10:57:15.090667
220,17,Matchday 5,,5,f,2002-06-04,2002-06-04,t,2018-07-17 10:57:14.236069,2018-07-17 10:57:15.091438
221,17,Matchday 10,,10,f,2002-06-09,2002-06-09,t,2018-07-17 10:57:14.388468,2018-07-17 10:57:15.095165
222,17,Matchday 14,,14,f,2002-06-13,2002-06-13,t,2018-07-17 10:57:14.535266,2018-07-17 10:57:15.098198
223,17,Matchday 6,,6,f,2002-06-05,2002-06-05,t,2018-07-17 10:57:14.693158,2018-07-17 10:57:15.092193
224,17,Matchday 11,,11,f,2002-06-10,2002-06-10,t,2018-07-17 10:57:14.827629,2018-07-17 10:57:15.095898
225,17,Matchday 15,,15,f,2002-06-14,2002-06-14,t,2018-07-17 10:57:14.950632,2018-07-17 10:57:15.098988
226,17,Round of 16,,16,t,2002-06-15,2002-06-18,t,2018-07-17 10:57:15.104559,2018-07-17 10:57:15.177036
227,17,Quarter-finals,,17,t,2002-06-21,2002-06-22,t,2018-07-17 10:57:15.137613,2018-07-17 10:57:15.179032
228,17,Semi-finals,,18,t,2002-06-25,2002-06-26,t,2018-07-17 10:57:15.157113,2018-07-17 10:57:15.180920
229,17,Third place play-off,,19,t,2002-06-29,2002-06-29,t,2018-07-17 10:57:15.165696,2018-07-17 10:57:15.182919
230,17,Final,,20,t,2002-06-30,2002-06-30,t,2018-07-17 10:57:15.170501,2018-07-17 10:57:15.184701
231,18,Matchday 1,,1,f,2006-06-09,2006-06-09,t,2018-07-17 10:57:15.312982,2018-07-17 10:57:15.312982
232,18,Matchday 2,,2,f,2006-06-10,2006-06-10,t,2018-07-17 10:57:15.314084,2018-07-17 10:57:15.314084
233,18,Matchday 3,,3,f,2006-06-11,2006-06-11,t,2018-07-17 10:57:15.315191,2018-07-17 10:57:15.315191
234,18,Matchday 4,,4,f,2006-06-12,2006-06-12,t,2018-07-17 10:57:15.316295,2018-07-17 10:57:15.316295
235,18,Matchday 5,,5,f,2006-06-13,2006-06-13,t,2018-07-17 10:57:15.317394,2018-07-17 10:57:15.317394
236,18,Matchday 6,,6,f,2006-06-14,2006-06-14,t,2018-07-17 10:57:15.318508,2018-07-17 10:57:15.318508
237,18,Matchday 7,,7,f,2006-06-15,2006-06-15,t,2018-07-17 10:57:15.319595,2018-07-17 10:57:15.319595
238,18,Matchday 8,,8,f,2006-06-16,2006-06-16,t,2018-07-17 10:57:15.320697,2018-07-17 10:57:15.320697
239,18,Matchday 9,,9,f,2006-06-17,2006-06-17,t,2018-07-17 10:57:15.321795,2018-07-17 10:57:15.321795
240,18,Matchday 10,,10,f,2006-06-18,2006-06-18,t,2018-07-17 10:57:15.322928,2018-07-17 10:57:15.322928
241,18,Matchday 11,,11,f,2006-06-19,2006-06-19,t,2018-07-17 10:57:15.324058,2018-07-17 10:57:15.324058
242,18,Matchday 12,,12,f,2006-06-20,2006-06-20,t,2018-07-17 10:57:15.325165,2018-07-17 10:57:15.325165
243,18,Matchday 13,,13,f,2006-06-21,2006-06-21,t,2018-07-17 10:57:15.326334,2018-07-17 10:57:15.326334
244,18,Matchday 14,,14,f,2006-06-22,2006-06-22,t,2018-07-17 10:57:15.327412,2018-07-17 10:57:15.327412
245,18,Matchday 15,,15,f,2006-06-23,2006-06-23,t,2018-07-17 10:57:15.328485,2018-07-17 10:57:15.328485
246,18,Round of 16,,16,t,2006-06-24,2006-06-27,t,2018-07-17 10:57:15.611469,2018-07-17 10:57:15.683198
247,18,Quarterfinals,,17,t,2006-06-30,2006-07-01,t,2018-07-17 10:57:15.646780,2018-07-17 10:57:15.685202
248,18,Semifinals,,18,t,2006-07-04,2006-07-05,t,2018-07-17 10:57:15.662922,2018-07-17 10:57:15.687211
249,18,Third-place play-off,,19,t,2006-07-08,2006-07-08,t,2018-07-17 10:57:15.671564,2018-07-17 10:57:15.689078
250,18,Final,,20,t,2006-07-09,2006-07-09,t,2018-07-17 10:57:15.676484,2018-07-17 10:57:15.690994
251,19,Matchday 1,,1,f,2010-06-11,2010-06-11,t,2018-07-17 10:57:15.818847,2018-07-17 10:57:15.818847
252,19,Matchday 2,,2,f,2010-06-12,2010-06-12,t,2018-07-17 10:57:15.819948,2018-07-17 10:57:15.819948
253,19,Matchday 3,,3,f,2010-06-13,2010-06-13,t,2018-07-17 10:57:15.821168,2018-07-17 10:57:15.821168
254,19,Matchday 4,,4,f,2010-06-14,2010-06-14,t,2018-07-17 10:57:15.822310,2018-07-17 10:57:15.822310
255,19,Matchday 5,,5,f,2010-06-15,2010-06-15,t,2018-07-17 10:57:15.823392,2018-07-17 10:57:15.823392
256,19,Matchday 6,,6,f,2010-06-16,2010-06-16,t,2018-07-17 10:57:15.824535,2018-07-17 10:57:15.824535
257,19,Matchday 7,,7,f,2010-06-17,2010-06-17,t,2018-07-17 10:57:15.825679,2018-07-17 10:57:15.825679
258,19,Matchday 8,,8,f,2010-06-18,2010-06-18,t,2018-07-17 10:57:15.826780,2018-07-17 10:57:15.826780
259,19,Matchday 9,,9,f,2010-06-19,2010-06-19,t,2018-07-17 10:57:15.827860,2018-07-17 10:57:15.827860
260,19,Matchday 10,,10,f,2010-06-20,2010-06-20,t,2018-07-17 10:57:15.829140,2018-07-17 10:57:15.829140
261,19,Matchday 11,,11,f,2010-06-21,2010-06-21,t,2018-07-17 10:57:15.830334,2018-07-17 10:57:15.830334
262,19,Matchday 12,,12,f,2010-06-22,2010-06-22,t,2018-07-17 10:57:15.831446,2018-07-17 10:57:15.831446
263,19,Matchday 13,,13,f,2010-06-23,2010-06-23,t,2018-07-17 10:57:15.832577,2018-07-17 10:57:15.832577
264,19,Matchday 14,,14,f,2010-06-24,2010-06-24,t,2018-07-17 10:57:15.833721,2018-07-17 10:57:15.833721
265,19,Matchday 15,,15,f,2010-06-25,2010-06-25,t,2018-07-17 10:57:15.834832,2018-07-17 10:57:15.834832
266,19,Round of 16,,16,t,2010-06-26,2010-06-29,t,2018-07-17 10:57:16.115812,2018-07-17 10:57:16.186546
267,19,Quarterfinals,,17,t,2010-07-02,2010-07-03,t,2018-07-17 10:57:16.150808,2018-07-17 10:57:16.188508
268,19,Semifinals,,18,t,2010-07-06,2010-07-07,t,2018-07-17 10:57:16.166723,2018-07-17 10:57:16.190475
269,19,Third-place play-off,,19,t,2010-07-10,2010-07-10,t,2018-07-17 10:57:16.175043,2018-07-17 10:57:16.192358
270,19,Final,,20,t,2010-07-11,2010-07-11,t,2018-07-17 10:57:16.180021,2018-07-17 10:57:16.194191
271,20,Matchday 1,,1,f,2014-06-12,2014-06-12,t,2018-07-17 10:57:16.333291,2018-07-17 10:57:16.333291
272,20,Matchday 2,,2,f,2014-06-13,2014-06-13,t,2018-07-17 10:57:16.334488,2018-07-17 10:57:16.334488
273,20,Matchday 3,,3,f,2014-06-14,2014-06-14,t,2018-07-17 10:57:16.335600,2018-07-17 10:57:16.335600
274,20,Matchday 4,,4,f,2014-06-15,2014-06-15,t,2018-07-17 10:57:16.336720,2018-07-17 10:57:16.336720
275,20,Matchday 5,,5,f,2014-06-16,2014-06-16,t,2018-07-17 10:57:16.337810,2018-07-17 10:57:16.337810
276,20,Matchday 6,,6,f,2014-06-17,2014-06-17,t,2018-07-17 10:57:16.338920,2018-07-17 10:57:16.338920
277,20,Matchday 7,,7,f,2014-06-18,2014-06-18,t,2018-07-17 10:57:16.340030,2018-07-17 10:57:16.340030
278,20,Matchday 8,,8,f,2014-06-19,2014-06-19,t,2018-07-17 10:57:16.341073,2018-07-17 10:57:16.341073
279,20,Matchday 9,,9,f,2014-06-20,2014-06-20,t,2018-07-17 10:57:16.342139,2018-07-17 10:57:16.342139
280,20,Matchday 10,,10,f,2014-06-21,2014-06-21,t,2018-07-17 10:57:16.343305,2018-07-17 10:57:16.343305
281,20,Matchday 11,,11,f,2014-06-22,2014-06-22,t,2018-07-17 10:57:16.344398,2018-07-17 10:57:16.344398
282,20,Matchday 12,,12,f,2014-06-23,2014-06-23,t,2018-07-17 10:57:16.345442,2018-07-17 10:57:16.345442
283,20,Matchday 13,,13,f,2014-06-24,2014-06-24,t,2018-07-17 10:57:16.346536,2018-07-17 10:57:16.346536
284,20,Matchday 14,,14,f,2014-06-25,2014-06-25,t,2018-07-17 10:57:16.347664,2018-07-17 10:57:16.347664
285,20,Matchday 15,,15,f,2014-06-26,2014-06-26,t,2018-07-17 10:57:16.348723,2018-07-17 10:57:16.348723
286,20,Round of 16,,16,t,2014-06-28,2014-07-01,t,2018-07-17 10:57:16.349884,2018-07-17 10:57:16.349884
287,20,Quarter-finals,,17,t,2014-07-04,2014-07-05,t,2018-07-17 10:57:16.351047,2018-07-17 10:57:16.351047
288,20,Semi-finals,,18,t,2014-07-08,2014-07-09,t,2018-07-17 10:57:16.352197,2018-07-17 10:57:16.352197
289,20,Match for third place,,19,t,2014-07-12,2014-07-12,t,2018-07-17 10:57:16.353306,2018-07-17 10:57:16.353306
290,20,Final,,20,t,2014-07-13,2014-07-13,t,2018-07-17 10:57:16.354419,2018-07-17 10:57:16.354419
291,21,Matchday 1,,1,f,2018-06-14,2018-06-14,t,2018-07-17 10:57:17.579718,2018-07-17 10:57:17.579718
292,21,Matchday 2,,2,f,2018-06-15,2018-06-15,t,2018-07-17 10:57:17.580950,2018-07-17 10:57:17.580950
293,21,Matchday 3,,3,f,2018-06-16,2018-06-16,t,2018-07-17 10:57:17.582125,2018-07-17 10:57:17.582125
294,21,Matchday 4,,4,f,2018-06-17,2018-06-17,t,2018-07-17 10:57:17.587018,2018-07-17 10:57:17.587018
295,21,Matchday 5,,5,f,2018-06-18,2018-06-18,t,2018-07-17 10:57:17.588246,2018-07-17 10:57:17.588246
296,21,Matchday 6,,6,f,2018-06-19,2018-06-19,t,2018-07-17 10:57:17.589307,2018-07-17 10:57:17.589307
297,21,Matchday 7,,7,f,2018-06-20,2018-06-20,t,2018-07-17 10:57:17.590471,2018-07-17 10:57:17.590471
298,21,Matchday 8,,8,f,2018-06-21,2018-06-21,t,2018-07-17 10:57:17.591579,2018-07-17 10:57:17.591579
299,21,Matchday 9,,9,f,2018-06-22,2018-06-22,t,2018-07-17 10:57:17.592634,2018-07-17 10:57:17.592634
300,21,Matchday 10,,10,f,2018-06-23,2018-06-23,t,2018-07-17 10:57:17.593762,2018-07-17 10:57:17.593762
301,21,Matchday 11,,11,f,2018-06-24,2018-06-24,t,2018-07-17 10:57:17.594986,2018-07-17 10:57:17.594986
302,21,Matchday 12,,12,f,2018-06-25,2018-06-25,t,2018-07-17 10:57:17.596097,2018-07-17 10:57:17.596097
303,21,Matchday 13,,13,f,2018-06-26,2018-06-26,t,2018-07-17 10:57:17.597192,2018-07-17 10:57:17.597192
304,21,Matchday 14,,14,f,2018-06-27,2018-06-27,t,2018-07-17 10:57:17.598252,2018-07-17 10:57:17.598252
305,21,Matchday 15,,15,f,2018-06-28,2018-06-28,t,2018-07-17 10:57:17.599354,2018-07-17 10:57:17.599354
306,21,Round of 16,,16,t,2018-06-30,2018-07-03,t,2018-07-17 10:57:17.600486,2018-07-17 10:57:17.600486
307,21,Quarter-finals,,17,t,2018-07-06,2018-07-07,t,2018-07-17 10:57:17.601612,2018-07-17 10:57:17.601612
308,21,Semi-finals,,18,t,2018-07-10,2018-07-11,t,2018-07-17 10:57:17.602769,2018-07-17 10:57:17.602769
309,21,Match for third place,,19,t,2018-07-14,2018-07-14,t,2018-07-17 10:57:17.603885,2018-07-17 10:57:17.603885
310,21,Final,,20,t,2018-07-15,2018-07-15,t,2018-07-17 10:57:17.605039,2018-07-17 10:57:17.605039
