id,key,title,title2,code,synonyms,country_id,city_id,club,since,address,web,assoc_id,national,created_at,updated_at
1,alg,Algeria,,ALG,,27,,f,,,,,f,2018-07-17 10:56:55.941630,2018-07-17 10:56:55.941630
2,egy,Egypt,,EGY,,28,,f,,,,,f,2018-07-17 10:56:55.943245,2018-07-17 10:56:55.943245
3,mar,Morocco,,MAR,,29,,f,,,,,f,2018-07-17 10:56:55.944463,2018-07-17 10:56:55.944463
4,lby,Libya,,LBY,,30,,f,,,,,f,2018-07-17 10:56:55.945668,2018-07-17 10:56:55.945668
5,tun,Tunisia,,TUN,,31,,f,,,,,f,2018-07-17 10:56:55.946853,2018-07-17 10:56:55.946853
6,cpv,Cape Verde,,CPV,,41,,f,,,,,f,2018-07-17 10:56:55.948157,2018-07-17 10:56:55.948157
7,gam,Gambia,,GAM,,43,,f,,,,,f,2018-07-17 10:56:55.949413,2018-07-17 10:56:55.949413
8,gui,Guinea,,GUI,,45,,f,,,,,f,2018-07-17 10:56:55.950626,2018-07-17 10:56:55.950626
9,gnb,Guinea-Bissau,,GNB,Guinea Bissau,46,,f,,,,,f,2018-07-17 10:56:55.951894,2018-07-17 10:56:55.951894
10,lbr,Liberia,,LBR,,47,,f,,,,,f,2018-07-17 10:56:55.953102,2018-07-17 10:56:55.953102
11,mli,Mali,,MLI,,48,,f,,,,,f,2018-07-17 10:56:55.954316,2018-07-17 10:56:55.954316
12,mtn,Mauritania,,MTN,,49,,f,,,,,f,2018-07-17 10:56:55.955601,2018-07-17 10:56:55.955601
13,sen,Senegal,,SEN,,52,,f,,,,,f,2018-07-17 10:56:55.956820,2018-07-17 10:56:55.956820
14,sle,Sierra Leone,,SLE,,53,,f,,,,,f,2018-07-17 10:56:55.958007,2018-07-17 10:56:55.958007
15,ben,Benin,,BEN,,39,,f,,,,,f,2018-07-17 10:56:55.959224,2018-07-17 10:56:55.959224
16,bfa,Burkina Faso,,BFA,,40,,f,,,,,f,2018-07-17 10:56:55.960388,2018-07-17 10:56:55.960388
17,civ,Côte d'Ivoire,,CIV,,42,,f,,,,,f,2018-07-17 10:56:55.961585,2018-07-17 10:56:55.961585
18,gha,Ghana,,GHA,,44,,f,,,,,f,2018-07-17 10:56:55.962881,2018-07-17 10:56:55.962881
19,nig,Niger,,NIG,,50,,f,,,,,f,2018-07-17 10:56:55.964101,2018-07-17 10:56:55.964101
20,nga,Nigeria,,NGA,,51,,f,,,,,f,2018-07-17 10:56:55.965287,2018-07-17 10:56:55.965287
21,tog,Togo,,TOG,,54,,f,,,,,f,2018-07-17 10:56:55.966472,2018-07-17 10:56:55.966472
22,cmr,Cameroon,,CMR,,19,,f,,,,,f,2018-07-17 10:56:55.967662,2018-07-17 10:56:55.967662
23,cta,Central African Republic,,CTA,C. Afr. Rep.,20,,f,,,,,f,2018-07-17 10:56:55.968872,2018-07-17 10:56:55.968872
24,cha,Chad,,CHA,,21,,f,,,,,f,2018-07-17 10:56:55.970134,2018-07-17 10:56:55.970134
25,cgo,Congo,,CGO,Congo-Brazzaville|Congo-Brazz.,22,,f,,,,,f,2018-07-17 10:56:55.971401,2018-07-17 10:56:55.971401
26,cod,Congo DR,,COD,Congo-Kinshasa|Congo-Kinsh.,23,,f,,,,,f,2018-07-17 10:56:55.972596,2018-07-17 10:56:55.972596
27,eqg,Equatorial Guinea,,EQG,Equat. Guinea,24,,f,,,,,f,2018-07-17 10:56:55.973821,2018-07-17 10:56:55.973821
28,gab,Gabon,,GAB,,25,,f,,,,,f,2018-07-17 10:56:55.975114,2018-07-17 10:56:55.975114
29,stp,São Tomé and Príncipe,,STP,São Tomé e Príncipe|São Tomé/Pr.,26,,f,,,,,f,2018-07-17 10:56:55.976377,2018-07-17 10:56:55.976377
30,bdi,Burundi,,BDI,,1,,f,,,,,f,2018-07-17 10:56:55.977574,2018-07-17 10:56:55.977574
31,dji,Djibouti,,DJI,,3,,f,,,,,f,2018-07-17 10:56:55.978771,2018-07-17 10:56:55.978771
32,eri,Eritrea,,ERI,,4,,f,,,,,f,2018-07-17 10:56:55.979950,2018-07-17 10:56:55.979950
33,eth,Ethiopia,,ETH,,5,,f,,,,,f,2018-07-17 10:56:55.981152,2018-07-17 10:56:55.981152
34,ken,Kenya,,KEN,,6,,f,,,,,f,2018-07-17 10:56:55.982326,2018-07-17 10:56:55.982326
35,rwa,Rwanda,,RWA,,11,,f,,,,,f,2018-07-17 10:56:55.983538,2018-07-17 10:56:55.983538
36,som,Somalia,,SOM,,13,,f,,,,,f,2018-07-17 10:56:55.984709,2018-07-17 10:56:55.984709
37,ssd,South Sudan,,SSD,,32,,f,,,,,f,2018-07-17 10:56:55.985939,2018-07-17 10:56:55.985939
38,sdn,Sudan,,SDN,,33,,f,,,,,f,2018-07-17 10:56:55.987157,2018-07-17 10:56:55.987157
39,tan,Tanzania,,TAN,,14,,f,,,,,f,2018-07-17 10:56:55.988332,2018-07-17 10:56:55.988332
40,uga,Uganda,,UGA,,15,,f,,,,,f,2018-07-17 10:56:55.989496,2018-07-17 10:56:55.989496
41,zan,Zanzibar,,ZAN,,14,,f,,,,,f,2018-07-17 10:56:55.990719,2018-07-17 10:56:55.990719
42,ang,Angola,,ANG,,18,,f,,,,,f,2018-07-17 10:56:55.991920,2018-07-17 10:56:55.991920
43,bot,Botswana,,BOT,,35,,f,,,,,f,2018-07-17 10:56:55.993124,2018-07-17 10:56:55.993124
44,com,Comoros,,COM,,2,,f,,,,,f,2018-07-17 10:56:55.994332,2018-07-17 10:56:55.994332
45,les,Lesotho,,LES,,36,,f,,,,,f,2018-07-17 10:56:55.995534,2018-07-17 10:56:55.995534
46,mri,Mauritius,,MRI,,9,,f,,,,,f,2018-07-17 10:56:55.996750,2018-07-17 10:56:55.996750
47,mad,Madagascar,,MAD,,7,,f,,,,,f,2018-07-17 10:56:55.997950,2018-07-17 10:56:55.997950
48,mwi,Malawi,,MWI,,8,,f,,,,,f,2018-07-17 10:56:55.999172,2018-07-17 10:56:55.999172
49,moz,Mozambique,,MOZ,,10,,f,,,,,f,2018-07-17 10:56:56.000375,2018-07-17 10:56:56.000375
50,nam,Namibia,,NAM,,37,,f,,,,,f,2018-07-17 10:56:56.001580,2018-07-17 10:56:56.001580
51,sey,Seychelles,,SEY,,12,,f,,,,,f,2018-07-17 10:56:56.002788,2018-07-17 10:56:56.002788
52,rsa,South Africa,,RSA,,34,,f,,,,,f,2018-07-17 10:56:56.004024,2018-07-17 10:56:56.004024
53,swz,Swaziland,,SWZ,,38,,f,,,,,f,2018-07-17 10:56:56.005246,2018-07-17 10:56:56.005246
54,zam,Zambia,,ZAM,,16,,f,,,,,f,2018-07-17 10:56:56.006454,2018-07-17 10:56:56.006454
55,zim,Zimbabwe,,ZIM,,17,,f,,,,,f,2018-07-17 10:56:56.007686,2018-07-17 10:56:56.007686
56,reu,Réunion,,REU,,200,,f,,,,,f,2018-07-17 10:56:56.008889,2018-07-17 10:56:56.008889
57,kaz,Kazakhstan,,KAZ,,56,,f,,,,,f,2018-07-17 10:56:56.011011,2018-07-17 10:56:56.011011
58,afg,Afghanistan,,AFG,,74,,f,,,,,f,2018-07-17 10:56:56.012301,2018-07-17 10:56:56.012301
59,ban,Bangladesh,,BAN,,69,,f,,,,,f,2018-07-17 10:56:56.013554,2018-07-17 10:56:56.013554
60,bhu,Bhutan,,BHU,,72,,f,,,,,f,2018-07-17 10:56:56.014802,2018-07-17 10:56:56.014802
61,ind,India,,IND,,68,,f,,,,,f,2018-07-17 10:56:56.016001,2018-07-17 10:56:56.016001
62,kgz,Kyrgyzstan,,KGZ,,57,,f,,,,,f,2018-07-17 10:56:56.017179,2018-07-17 10:56:56.017179
63,mdv,Maldives,,MDV,,73,,f,,,,,f,2018-07-17 10:56:56.018393,2018-07-17 10:56:56.018393
64,nep,Nepal,,NEP,,70,,f,,,,,f,2018-07-17 10:56:56.019598,2018-07-17 10:56:56.019598
65,pak,Pakistan,,PAK,,67,,f,,,,,f,2018-07-17 10:56:56.021224,2018-07-17 10:56:56.021224
66,sri,Sri Lanka,,SRI,,71,,f,,,,,f,2018-07-17 10:56:56.022900,2018-07-17 10:56:56.022900
67,tjk,Tajikistan,,TJK,,58,,f,,,,,f,2018-07-17 10:56:56.025230,2018-07-17 10:56:56.025230
68,tkm,Turkmenistan,,TKM,,59,,f,,,,,f,2018-07-17 10:56:56.026740,2018-07-17 10:56:56.026740
69,uzb,Uzbekistan,,UZB,,60,,f,,,,,f,2018-07-17 10:56:56.028027,2018-07-17 10:56:56.028027
70,chn,China,,CHN,,64,,f,,,,,f,2018-07-17 10:56:56.029256,2018-07-17 10:56:56.029256
71,hkg,Hong Kong,,HKG,,206,,f,,,,,f,2018-07-17 10:56:56.030542,2018-07-17 10:56:56.030542
72,jpn,Japan,,JPN,,61,,f,,,,,f,2018-07-17 10:56:56.031907,2018-07-17 10:56:56.031907
73,prk,North Korea,,PRK,,62,,f,,,,,f,2018-07-17 10:56:56.033159,2018-07-17 10:56:56.033159
74,kor,South Korea,,KOR,,63,,f,,,,,f,2018-07-17 10:56:56.034370,2018-07-17 10:56:56.034370
75,mac,Macau,,MAC,Macao,207,,f,,,,,f,2018-07-17 10:56:56.035683,2018-07-17 10:56:56.035683
76,mgl,Mongolia,,MGL,,66,,f,,,,,f,2018-07-17 10:56:56.037555,2018-07-17 10:56:56.037555
77,tpe,Taiwan,,TPE,,65,,f,,,,,f,2018-07-17 10:56:56.039248,2018-07-17 10:56:56.039248
78,bru,Brunei,,BRU,,81,,f,,,,,f,2018-07-17 10:56:56.041908,2018-07-17 10:56:56.041908
79,cam,Cambodia,,CAM,,83,,f,,,,,f,2018-07-17 10:56:56.044219,2018-07-17 10:56:56.044219
80,idn,Indonesia,,IDN,,75,,f,,,,,f,2018-07-17 10:56:56.046056,2018-07-17 10:56:56.046056
81,lao,Laos,,LAO,,85,,f,,,,,f,2018-07-17 10:56:56.047351,2018-07-17 10:56:56.047351
82,mas,Malaysia,,MAS,,76,,f,,,,,f,2018-07-17 10:56:56.048724,2018-07-17 10:56:56.048724
83,mya,Myanmar,,MYA,,82,,f,,,,,f,2018-07-17 10:56:56.050004,2018-07-17 10:56:56.050004
84,phi,Philippines,,PHI,,79,,f,,,,,f,2018-07-17 10:56:56.051302,2018-07-17 10:56:56.051302
85,sin,Singapore,,SIN,,77,,f,,,,,f,2018-07-17 10:56:56.052528,2018-07-17 10:56:56.052528
86,tha,Thailand,,THA,,78,,f,,,,,f,2018-07-17 10:56:56.053822,2018-07-17 10:56:56.053822
87,tls,Timor-Leste,,TLS,East Timor,84,,f,,,,,f,2018-07-17 10:56:56.055123,2018-07-17 10:56:56.055123
88,vie,Vietnam,,VIE,,80,,f,,,,,f,2018-07-17 10:56:56.056405,2018-07-17 10:56:56.056405
89,aia,Anguilla,,AIA,,220,,f,,,,,f,2018-07-17 10:56:56.058527,2018-07-17 10:56:56.058527
90,atg,Antigua and Barbuda,,ATG,Antigua/Barb.,90,,f,,,,,f,2018-07-17 10:56:56.059862,2018-07-17 10:56:56.059862
91,abw,Aruba,,ABW,,217,,f,,,,,f,2018-07-17 10:56:56.061111,2018-07-17 10:56:56.061111
92,bah,Bahamas,,BAH,,91,,f,,,,,f,2018-07-17 10:56:56.062281,2018-07-17 10:56:56.062281
93,brb,Barbados,,BRB,,92,,f,,,,,f,2018-07-17 10:56:56.063444,2018-07-17 10:56:56.063444
94,bmu,Bermuda,,BMU,,237,,f,,,,,f,2018-07-17 10:56:56.064561,2018-07-17 10:56:56.064561
95,vgb,British Virgin Islands,,VGB,,224,,f,,,,,f,2018-07-17 10:56:56.065663,2018-07-17 10:56:56.065663
96,cym,Cayman Islands,,CYM,Cayman Isl.,221,,f,,,,,f,2018-07-17 10:56:56.066803,2018-07-17 10:56:56.066803
97,cub,Cuba,,CUB,,86,,f,,,,,f,2018-07-17 10:56:56.068118,2018-07-17 10:56:56.068118
98,cuw,Curaçao,,CUW,,218,,f,,,,,f,2018-07-17 10:56:56.069917,2018-07-17 10:56:56.069917
99,dma,Dominica,,DMA,,93,,f,,,,,f,2018-07-17 10:56:56.071661,2018-07-17 10:56:56.071661
100,dom,Dominican Republic,,DOM,,88,,f,,,,,f,2018-07-17 10:56:56.073640,2018-07-17 10:56:56.073640
101,grn,Grenada,,GRN,,94,,f,,,,,f,2018-07-17 10:56:56.075617,2018-07-17 10:56:56.075617
102,hai,Haiti,,HAI,,89,,f,,,,,f,2018-07-17 10:56:56.077297,2018-07-17 10:56:56.077297
103,jam,Jamaica,,JAM,,87,,f,,,,,f,2018-07-17 10:56:56.078854,2018-07-17 10:56:56.078854
104,msr,Montserrat,,MSR,,222,,f,,,,,f,2018-07-17 10:56:56.079989,2018-07-17 10:56:56.079989
105,pur,Puerto Rico,,PUR,,211,,f,,,,,f,2018-07-17 10:56:56.081140,2018-07-17 10:56:56.081140
106,skn,Saint Kitts and Nevis,,SKN,St. Kitts/N.,95,,f,,,,,f,2018-07-17 10:56:56.082414,2018-07-17 10:56:56.082414
107,lca,Saint Lucia,,LCA,,96,,f,,,,,f,2018-07-17 10:56:56.083561,2018-07-17 10:56:56.083561
108,vin,Saint Vincent and the Grenadines,,VIN,St.Vincent/G.,97,,f,,,,,f,2018-07-17 10:56:56.084704,2018-07-17 10:56:56.084704
109,tri,Trinidad and Tobago,,TRI,Trinidad/Tob.,98,,f,,,,,f,2018-07-17 10:56:56.085870,2018-07-17 10:56:56.085870
110,tca,Turks and Caicos Islands,,TCA,,223,,f,,,,,f,2018-07-17 10:56:56.087035,2018-07-17 10:56:56.087035
111,vir,United States Virgin Islands,,VIR,US Virgin Islands|U.S. Virgin Islands|US Virgin I.,212,,f,,,,,f,2018-07-17 10:56:56.088185,2018-07-17 10:56:56.088185
112,bon,Bonaire,,BON,,120,,f,,,,,f,2018-07-17 10:56:56.089305,2018-07-17 10:56:56.089305
113,gpe,Guadeloupe,,GPE,,213,,f,,,,,f,2018-07-17 10:56:56.090424,2018-07-17 10:56:56.090424
114,mtq,Martinique,,MTQ,,214,,f,,,,,f,2018-07-17 10:56:56.091536,2018-07-17 10:56:56.091536
115,maf,Saint Martin,,MAF,,216,,f,,,,,f,2018-07-17 10:56:56.092643,2018-07-17 10:56:56.092643
116,sxm,Sint Maarten,,SXM,,120,,f,,,,,f,2018-07-17 10:56:56.093745,2018-07-17 10:56:56.093745
117,hon,Honduras,,HON,,102,,f,,,,,f,2018-07-17 10:56:56.095686,2018-07-17 10:56:56.095686
118,crc,Costa Rica,,CRC,,101,,f,,,,,f,2018-07-17 10:56:56.096882,2018-07-17 10:56:56.096882
119,slv,El Salvador,,SLV,,103,,f,,,,,f,2018-07-17 10:56:56.097985,2018-07-17 10:56:56.097985
120,pan,Panama,,PAN,,105,,f,,,,,f,2018-07-17 10:56:56.099232,2018-07-17 10:56:56.099232
121,gua,Guatemala,,GUA,,100,,f,,,,,f,2018-07-17 10:56:56.101209,2018-07-17 10:56:56.101209
122,blz,Belize,,BLZ,,99,,f,,,,,f,2018-07-17 10:56:56.103303,2018-07-17 10:56:56.103303
123,nca,Nicaragua,,NCA,,104,,f,,,,,f,2018-07-17 10:56:56.105235,2018-07-17 10:56:56.105235
124,aut,Austria,,AUT,,107,,f,,,,,f,2018-07-17 10:56:56.108884,2018-07-17 10:56:56.108884
125,bel,Belgium,,BEL,,108,,f,,,,,f,2018-07-17 10:56:56.110766,2018-07-17 10:56:56.110766
126,cyp,Cyprus,,CYP,,109,,f,,,,,f,2018-07-17 10:56:56.112083,2018-07-17 10:56:56.112083
127,ger,Germany,,GER,,110,,f,,,,,f,2018-07-17 10:56:56.113277,2018-07-17 10:56:56.113277
128,est,Estonia,,EST,,111,,f,,,,,f,2018-07-17 10:56:56.114483,2018-07-17 10:56:56.114483
129,esp,Spain,,ESP,,112,,f,,,,,f,2018-07-17 10:56:56.115710,2018-07-17 10:56:56.115710
130,fin,Finland,,FIN,,113,,f,,,,,f,2018-07-17 10:56:56.116822,2018-07-17 10:56:56.116822
131,fra,France,,FRA,,114,,f,,,,,f,2018-07-17 10:56:56.117916,2018-07-17 10:56:56.117916
132,gre,Greece,,GRE,,115,,f,,,,,f,2018-07-17 10:56:56.119063,2018-07-17 10:56:56.119063
133,irl,Ireland,,IRL,,116,,f,,,,,f,2018-07-17 10:56:56.120175,2018-07-17 10:56:56.120175
134,ita,Italy,,ITA,,117,,f,,,,,f,2018-07-17 10:56:56.121267,2018-07-17 10:56:56.121267
135,lux,Luxembourg,,LUX,,118,,f,,,,,f,2018-07-17 10:56:56.122378,2018-07-17 10:56:56.122378
136,mlt,Malta,,MLT,,119,,f,,,,,f,2018-07-17 10:56:56.123479,2018-07-17 10:56:56.123479
137,ned,Netherlands,,NED,,120,,f,,,,,f,2018-07-17 10:56:56.124591,2018-07-17 10:56:56.124591
138,por,Portugal,,POR,,121,,f,,,,,f,2018-07-17 10:56:56.125843,2018-07-17 10:56:56.125843
139,svk,Slovakia,,SVK,,122,,f,,,,,f,2018-07-17 10:56:56.126986,2018-07-17 10:56:56.126986
140,svn,Slovenia,,SVN,,123,,f,,,,,f,2018-07-17 10:56:56.128091,2018-07-17 10:56:56.128091
141,bul,Bulgaria,,BUL,,124,,f,,,,,f,2018-07-17 10:56:56.129189,2018-07-17 10:56:56.129189
142,den,Denmark,,DEN,,125,,f,,,,,f,2018-07-17 10:56:56.130335,2018-07-17 10:56:56.130335
143,lva,Latvija,,LVA,Latvia,126,,f,,,,,f,2018-07-17 10:56:56.131474,2018-07-17 10:56:56.131474
144,ltu,Lithuania,,LTU,,127,,f,,,,,f,2018-07-17 10:56:56.132635,2018-07-17 10:56:56.132635
145,pol,Poland,,POL,,128,,f,,,,,f,2018-07-17 10:56:56.134388,2018-07-17 10:56:56.134388
146,rou,Romania,,ROU,,129,,f,,,,,f,2018-07-17 10:56:56.136109,2018-07-17 10:56:56.136109
147,swe,Sweden,,SWE,,130,,f,,,,,f,2018-07-17 10:56:56.138037,2018-07-17 10:56:56.138037
148,cze,Czech Republic,,CZE,,131,,f,,,,,f,2018-07-17 10:56:56.140100,2018-07-17 10:56:56.140100
149,hun,Hungary,,HUN,,132,,f,,,,,f,2018-07-17 10:56:56.141775,2018-07-17 10:56:56.141775
150,and,Andorra,,AND,,134,,f,,,,,f,2018-07-17 10:56:56.143469,2018-07-17 10:56:56.143469
151,alb,Albania,,ALB,,135,,f,,,,,f,2018-07-17 10:56:56.144639,2018-07-17 10:56:56.144639
152,blr,Belarus,,BLR,,136,,f,,,,,f,2018-07-17 10:56:56.145735,2018-07-17 10:56:56.145735
153,sui,Switzerland,,SUI,,137,,f,,,,,f,2018-07-17 10:56:56.146884,2018-07-17 10:56:56.146884
154,cro,Croatia,,CRO,,138,,f,,,,,f,2018-07-17 10:56:56.150760,2018-07-17 10:56:56.150760
155,srb,Serbia,,SRB,,139,,f,,,,,f,2018-07-17 10:56:56.152252,2018-07-17 10:56:56.152252
156,rus,Russia,,RUS,,140,,f,,,,,f,2018-07-17 10:56:56.153487,2018-07-17 10:56:56.153487
157,tur,Turkey,,TUR,,141,,f,,,,,f,2018-07-17 10:56:56.154893,2018-07-17 10:56:56.154893
158,ukr,Ukraine,,UKR,,142,,f,,,,,f,2018-07-17 10:56:56.156183,2018-07-17 10:56:56.156183
159,mkd,Macedonia,,MKD,,143,,f,,,,,f,2018-07-17 10:56:56.157452,2018-07-17 10:56:56.157452
160,nor,Norway,,NOR,,144,,f,,,,,f,2018-07-17 10:56:56.158760,2018-07-17 10:56:56.158760
161,isl,Iceland,,ISL,,145,,f,,,,,f,2018-07-17 10:56:56.160066,2018-07-17 10:56:56.160066
162,bih,Bosnia-Herzegovina,,BIH,Bosnia and Herzegovina|Bosnia|Bosnia-Herz.,147,,f,,,,,f,2018-07-17 10:56:56.161476,2018-07-17 10:56:56.161476
163,lie,Liechtenstein,,LIE,,148,,f,,,,,f,2018-07-17 10:56:56.162836,2018-07-17 10:56:56.162836
164,mne,Montenegro,,MNE,,150,,f,,,,,f,2018-07-17 10:56:56.164027,2018-07-17 10:56:56.164027
165,mda,Moldova,,MDA,,151,,f,,,,,f,2018-07-17 10:56:56.165361,2018-07-17 10:56:56.165361
166,smr,San Marino,,SMR,,152,,f,,,,,f,2018-07-17 10:56:56.166799,2018-07-17 10:56:56.166799
167,geo,Georgia,,GEO,,153,,f,,,,,f,2018-07-17 10:56:56.168160,2018-07-17 10:56:56.168160
168,arm,Armenia,,ARM,,154,,f,,,,,f,2018-07-17 10:56:56.169550,2018-07-17 10:56:56.169550
169,aze,Azerbaijan,,AZE,,155,,f,,,,,f,2018-07-17 10:56:56.170975,2018-07-17 10:56:56.170975
170,eng,England,,ENG,,225,,f,,,,,f,2018-07-17 10:56:56.172305,2018-07-17 10:56:56.172305
171,sco,Scotland,,SCO,,226,,f,,,,,f,2018-07-17 10:56:56.173667,2018-07-17 10:56:56.173667
172,wal,Wales,,WAL,,227,,f,,,,,f,2018-07-17 10:56:56.175106,2018-07-17 10:56:56.175106
173,nir,Northern Ireland,,NIR,N. Ireland,228,,f,,,,,f,2018-07-17 10:56:56.176433,2018-07-17 10:56:56.176433
174,fro,Faroe Islands,,FRO,,233,,f,,,,,f,2018-07-17 10:56:56.177684,2018-07-17 10:56:56.177684
175,gib,Gibraltar,,GIB,,229,,f,,,,,f,2018-07-17 10:56:56.178872,2018-07-17 10:56:56.178872
176,isr,Israel,,ISR,,164,,f,,,,,f,2018-07-17 10:56:56.180945,2018-07-17 10:56:56.180945
177,bhr,Bahrain,,BHR,,156,,f,,,,,f,2018-07-17 10:56:56.182206,2018-07-17 10:56:56.182206
178,irn,Iran,,IRN,,169,,f,,,,,f,2018-07-17 10:56:56.183413,2018-07-17 10:56:56.183413
179,irq,Iraq,,IRQ,,163,,f,,,,,f,2018-07-17 10:56:56.184620,2018-07-17 10:56:56.184620
180,jor,Jordan,,JOR,,165,,f,,,,,f,2018-07-17 10:56:56.185791,2018-07-17 10:56:56.185791
181,kuw,Kuwait,,KUW,,157,,f,,,,,f,2018-07-17 10:56:56.187044,2018-07-17 10:56:56.187044
182,lib,Lebanon,,LIB,,166,,f,,,,,f,2018-07-17 10:56:56.188414,2018-07-17 10:56:56.188414
183,oma,Oman,,OMA,,158,,f,,,,,f,2018-07-17 10:56:56.189765,2018-07-17 10:56:56.189765
184,ple,Palestine,,PLE,,167,,f,,,,,f,2018-07-17 10:56:56.191459,2018-07-17 10:56:56.191459
185,qat,Qatar,,QAT,,159,,f,,,,,f,2018-07-17 10:56:56.193083,2018-07-17 10:56:56.193083
186,ksa,Saudi Arabia,,KSA,,160,,f,,,,,f,2018-07-17 10:56:56.195278,2018-07-17 10:56:56.195278
187,syr,Syria,,SYR,,168,,f,,,,,f,2018-07-17 10:56:56.196602,2018-07-17 10:56:56.196602
188,uae,United Arab Emirates,,UAE,UA Emirates,161,,f,,,,,f,2018-07-17 10:56:56.197941,2018-07-17 10:56:56.197941
189,yem,Yemen,,YEM,,162,,f,,,,,f,2018-07-17 10:56:56.199250,2018-07-17 10:56:56.199250
190,mex,Mexico,,MEX,,172,,f,,,,,f,2018-07-17 10:56:56.201327,2018-07-17 10:56:56.201327
191,usa,United States,,USA,,171,,f,,,,,f,2018-07-17 10:56:56.202641,2018-07-17 10:56:56.202641
192,can,Canada,,CAN,,170,,f,,,,,f,2018-07-17 10:56:56.203905,2018-07-17 10:56:56.203905
193,aus,Australia,,AUS,,173,,f,,,,,f,2018-07-17 10:56:56.205954,2018-07-17 10:56:56.205954
194,gum,Guam,,GUM,,242,,f,,,,,f,2018-07-17 10:56:56.207950,2018-07-17 10:56:56.207950
195,mnp,Northern Mariana Islands,,MNP,,243,,f,,,,,f,2018-07-17 10:56:56.209870,2018-07-17 10:56:56.209870
196,asm,American Samoa,,ASM,Am. Samoa,241,,f,,,,,f,2018-07-17 10:56:56.212171,2018-07-17 10:56:56.212171
197,cok,Cook Islands,,COK,,244,,f,,,,,f,2018-07-17 10:56:56.214507,2018-07-17 10:56:56.214507
198,fij,Fiji,,FIJ,,175,,f,,,,,f,2018-07-17 10:56:56.216435,2018-07-17 10:56:56.216435
199,ncl,New Caledonia,,NCL,,239,,f,,,,,f,2018-07-17 10:56:56.218062,2018-07-17 10:56:56.218062
200,nzl,New Zealand,,NZL,,183,,f,,,,,f,2018-07-17 10:56:56.219341,2018-07-17 10:56:56.219341
201,png,Papua New Guinea,,PNG,Papua N.G.,174,,f,,,,,f,2018-07-17 10:56:56.220586,2018-07-17 10:56:56.220586
202,sam,Samoa,,SAM,,184,,f,,,,,f,2018-07-17 10:56:56.221786,2018-07-17 10:56:56.221786
203,sol,Solomon Islands,,SOL,Solomon Isl.,176,,f,,,,,f,2018-07-17 10:56:56.223036,2018-07-17 10:56:56.223036
204,tah,Tahiti,,TAH,,238,,f,,,,,f,2018-07-17 10:56:56.224237,2018-07-17 10:56:56.224237
205,tga,Tonga,,TGA,,185,,f,,,,,f,2018-07-17 10:56:56.225506,2018-07-17 10:56:56.225506
206,van,Vanuatu,,VAN,,177,,f,,,,,f,2018-07-17 10:56:56.226841,2018-07-17 10:56:56.226841
207,kir,Kiribati,,KIR,,182,,f,,,,,f,2018-07-17 10:56:56.228042,2018-07-17 10:56:56.228042
208,niu,Niue,,NIU,,245,,f,,,,,f,2018-07-17 10:56:56.229235,2018-07-17 10:56:56.229235
209,tuv,Tuvalu,,TUV,,186,,f,,,,,f,2018-07-17 10:56:56.230457,2018-07-17 10:56:56.230457
210,arg,Argentina,,ARG,,187,,f,,,,,f,2018-07-17 10:56:56.232639,2018-07-17 10:56:56.232639
211,bra,Brazil,,BRA,,189,,f,,,,,f,2018-07-17 10:56:56.233933,2018-07-17 10:56:56.233933
212,chi,Chile,,CHI,,190,,f,,,,,f,2018-07-17 10:56:56.235133,2018-07-17 10:56:56.235133
213,par,Paraguay,,PAR,,194,,f,,,,,f,2018-07-17 10:56:56.236362,2018-07-17 10:56:56.236362
214,uru,Uruguay,,URU,,195,,f,,,,,f,2018-07-17 10:56:56.237611,2018-07-17 10:56:56.237611
215,col,Colombia,,COL,,191,,f,,,,,f,2018-07-17 10:56:56.238847,2018-07-17 10:56:56.238847
216,ecu,Ecuador,,ECU,,192,,f,,,,,f,2018-07-17 10:56:56.240812,2018-07-17 10:56:56.240812
217,per,Peru,,PER,,193,,f,,,,,f,2018-07-17 10:56:56.242875,2018-07-17 10:56:56.242875
218,ven,Venezuela,,VEN,,196,,f,,,,,f,2018-07-17 10:56:56.245381,2018-07-17 10:56:56.245381
219,bol,Bolivia,,BOL,,188,,f,,,,,f,2018-07-17 10:56:56.247597,2018-07-17 10:56:56.247597
220,guy,Guyana,,GUY,,197,,f,,,,,f,2018-07-17 10:56:56.249412,2018-07-17 10:56:56.249412
221,sur,Suriname,,SUR,,198,,f,,,,,f,2018-07-17 10:56:56.250888,2018-07-17 10:56:56.250888
222,gyf,French Guiana,,GYF,,249,,f,,,,,f,2018-07-17 10:56:56.252117,2018-07-17 10:56:56.252117
223,tch,Czechoslovakia (-1992),,TCH,,131,,f,,,,,f,2018-07-17 10:56:56.257578,2018-07-17 10:56:56.257578
224,frg,West Germany (-1989),,FRG,,110,,f,,,,,f,2018-07-17 10:56:56.258943,2018-07-17 10:56:56.258943
225,gdr,East Germany (-1989),,GDR,,110,,f,,,,,f,2018-07-17 10:56:56.260187,2018-07-17 10:56:56.260187
226,urs,Soviet Union (-1991),,URS,,140,,f,,,,,f,2018-07-17 10:56:56.261444,2018-07-17 10:56:56.261444
227,yug,Yugoslavia (-2003),,YUG,,139,,f,,,,,f,2018-07-17 10:56:56.262731,2018-07-17 10:56:56.262731
228,dei,Dutch East Indies (-1945),,DEI,,75,,f,,,,,f,2018-07-17 10:56:56.263976,2018-07-17 10:56:56.263976
229,zai,Zaire (-????),,ZAI,,23,,f,,,,,f,2018-07-17 10:56:56.265306,2018-07-17 10:56:56.265306
